transaction_id,item_id,item_name,transaction_date,quantity,price,customer_id
1,8,Window,2023-12-30,9,261.97,17
2,1,News,2023-04-15,34,101.15,29
3,4,Hear,2023-02-16,2,174.63,18
4,10,Identify,2023-08-25,37,140.34,25
5,7,Hear,2023-05-19,25,295.21,27
6,1,Result,2023-03-07,7,238.16,10
7,3,Hear,2023-07-20,18,321.2,12
8,10,Hear,2023-11-17,20,72.18,1
9,1,Window,2023-11-07,47,442.81,3
10,7,Its,2023-02-05,10,423.86,1
11,9,Window,2023-05-16,12,378.27,19
12,1,Window,2023-10-21,7,444.71,3
13,1,Floor,2023-08-16,30,56.57,1
14,5,Important,2023-10-03,41,125.39,25
15,3,Identify,2023-04-04,32,311.11,29
16,9,Window,2023-02-07,24,282.66,8
17,5,Result,2023-12-01,11,169.29,16
18,3,His,2023-07-11,38,308.94,17
19,3,His,2023-06-30,1,261.4,27
20,8,Floor,2023-09-20,41,258.38,8
21,2,Result,2023-05-13,50,177.87,13
22,2,Window,2023-03-06,16,238.24,3
23,3,Identify,2023-03-03,13,306.21,16
24,8,His,2023-08-01,33,132.2,9
25,1,Important,2023-03-31,43,198.41,21
26,10,Window,2023-02-17,16,49.58,12
27,2,Important,2023-04-21,36,145.33,9
28,7,News,2023-08-04,43,488.57,17
29,3,Result,2023-07-29,20,343.27,25
30,9,Important,2023-08-04,40,292.2,20
31,9,Result,2023-12-25,10,272.35,5
32,6,His,2023-07-12,25,490.24,6
33,3,Fish,2023-08-10,7,279.27,19
34,8,Floor,2023-08-27,13,406.74,27
35,4,His,2023-01-19,13,337.42,9
36,5,News,2023-11-16,49,5.04,27
37,2,Its,2023-05-03,31,64.89,28
38,7,Window,2023-05-01,22,437.23,10
39,7,His,2023-04-29,4,423.95,18
40,7,Floor,2023-09-15,11,355.57,8
41,5,Its,2023-10-31,43,284.63,29
42,5,News,2023-09-02,15,313.5,3
43,6,Result,2023-03-11,23,106.95,21
44,6,News,2023-07-14,38,444.19,12
45,9,Identify,2023-03-15,30,282.5,25
46,9,Window,2023-11-21,13,281.91,29
47,6,Important,2023-05-06,16,70.64,16
48,5,Important,2023-09-05,36,108.1,13
49,8,Identify,2023-03-17,11,312.05,12
50,3,Hear,2023-12-14,5,134.82,7
51,4,Identify,2023-01-07,45,61.71,30
52,8,Window,2023-07-07,16,370.67,10
53,4,Important,2023-03-30,29,51.44,28
54,7,His,2023-05-13,6,363.1,2
55,8,Floor,2023-06-05,7,24.96,22
56,10,His,2023-12-22,9,252.72,7
57,7,News,2023-03-27,28,13.75,24
58,6,Its,2023-12-09,41,301.37,30
59,6,Hear,2023-06-07,22,261.53,9
60,1,News,2023-07-09,45,352.03,13
61,7,Fish,2023-02-27,29,212.35,23
62,4,Its,2023-07-11,26,401.33,4
63,2,Window,2023-06-13,13,272.96,7
64,5,Hear,2023-04-15,12,345.72,27
65,6,Window,2023-12-20,11,35.54,24
66,3,Hear,2023-10-22,13,448.21,14
67,6,Its,2023-02-05,23,185.03,3
68,9,Hear,2023-10-29,36,157.97,30
69,5,Result,2023-03-01,45,175.51,20
70,9,Window,2023-04-13,35,347.45,12
71,2,Identify,2023-07-23,24,96.89,25
72,1,News,2023-07-27,3,24.33,10
73,10,Floor,2023-10-04,14,287.3,17
74,2,Window,2023-12-07,15,166.42,4
75,4,Result,2023-05-22,26,266.13,3
76,10,Its,2023-08-05,47,371.1,1
77,6,His,2023-06-20,33,47.87,23
78,3,Fish,2023-05-12,44,487.87,5
79,3,Important,2023-11-22,46,146.39,6
80,7,Fish,2023-04-05,22,420.86,23
81,8,His,2023-03-09,14,93.4,10
82,9,News,2023-11-26,38,1.18,4
83,9,His,2023-10-07,14,159.29,16
84,5,News,2023-04-03,12,116.95,4
85,4,His,2023-12-28,19,321.09,30
86,1,Fish,2023-07-06,45,498.21,10
87,8,His,2023-12-09,30,451.11,15
88,4,Floor,2023-02-20,28,325.16,20
89,3,His,2023-09-05,25,193.07,2
90,8,Window,2023-01-07,33,275.12,15
91,2,Important,2023-03-18,17,13.02,9
92,10,Important,2023-11-26,49,269.84,15
93,1,News,2023-11-26,50,356.62,14
94,7,Important,2023-02-17,18,96.08,29
95,7,Window,2023-07-20,7,245.96,11
96,6,His,2023-12-26,11,292.67,16
97,1,Floor,2023-01-18,19,435.25,20
98,4,His,2023-02-02,16,32.04,6
99,7,Hear,2023-06-15,10,244.44,17
100,3,Floor,2023-05-27,37,353.84,7
101,5,His,2023-10-19,25,238.47,14
102,6,Identify,2023-06-01,34,4.45,29
103,8,Result,2023-07-18,32,382.27,18
104,8,Window,2023-07-13,45,125.6,8
105,8,Window,2023-08-13,8,51.64,23
106,10,News,2023-03-18,5,350.97,2
107,6,Important,2023-11-09,42,440.64,25
108,7,News,2023-01-06,16,397.1,2
109,9,Identify,2023-09-23,14,133.28,23
110,10,Window,2023-06-13,20,358.6,20
111,1,Identify,2023-04-03,22,204.77,3
112,4,Important,2023-10-31,24,53.11,9
113,5,Its,2023-02-10,27,310.0,24
114,9,Result,2023-07-16,2,119.66,8
115,1,News,2023-10-07,13,157.02,25
116,2,Result,2023-01-18,35,324.53,23
117,3,His,2023-03-18,26,91.12,20
118,8,Fish,2023-02-17,1,14.85,11
119,4,Result,2023-01-22,30,404.08,21
120,2,Window,2023-11-30,20,475.46,7
121,9,News,2023-04-01,32,359.41,9
122,5,His,2023-09-06,30,324.81,27
123,9,News,2023-05-06,40,326.38,16
124,5,Result,2023-10-22,8,463.83,11
125,3,Hear,2023-09-19,3,61.77,13
126,10,Floor,2023-05-11,6,425.13,13
127,2,Result,2023-10-12,31,450.34,22
128,6,Hear,2023-11-24,25,406.08,11
129,10,News,2023-05-31,35,1.98,11
130,1,Hear,2023-05-30,38,222.98,6
131,4,His,2023-05-11,25,161.62,17
132,2,Hear,2023-01-30,4,219.88,13
133,7,Window,2023-08-07,30,178.73,25
134,9,Its,2023-05-28,18,483.58,12
135,6,Result,2023-09-14,29,25.13,15
136,3,Hear,2023-02-13,21,476.34,26
137,3,His,2023-01-22,41,182.23,29
138,5,Important,2023-06-14,33,340.32,8
139,4,Important,2023-08-27,36,278.39,15
140,5,Window,2023-01-21,30,387.06,28
141,6,His,2023-08-10,49,265.59,6
142,3,Result,2023-07-29,32,146.12,23
143,5,Important,2023-06-08,43,84.09,30
144,8,His,2023-10-11,29,395.18,30
145,5,Hear,2023-01-06,37,350.57,24
146,2,His,2023-10-23,27,253.37,17
147,5,Important,2023-03-02,38,485.34,26
148,5,His,2023-07-10,36,325.07,9
149,6,Identify,2023-10-19,19,213.77,27
150,4,Its,2023-03-25,39,187.99,2
151,1,Floor,2023-03-17,30,234.65,6
152,9,Identify,2023-01-06,21,156.87,2
153,1,Result,2023-08-04,43,190.12,23
154,5,Its,2023-07-17,10,367.56,22
155,3,His,2023-07-21,27,283.07,20
156,9,Important,2023-02-10,15,3.61,13
157,5,His,2023-11-21,5,373.82,21
158,5,Result,2023-04-24,10,2.49,16
159,6,Floor,2023-03-17,3,253.92,13
160,4,Identify,2023-04-07,21,320.48,4
161,8,Window,2023-01-15,9,302.39,1
162,3,Floor,2023-05-04,22,290.16,16
163,9,Fish,2023-05-24,8,348.16,10
164,6,Result,2023-09-13,2,114.79,26
165,8,Result,2023-06-03,18,152.84,1
166,5,Floor,2023-11-10,5,181.49,25
167,9,Hear,2023-09-22,45,260.71,9
168,3,Important,2023-03-29,18,244.98,16
169,5,Identify,2023-01-12,33,458.08,4
170,10,Window,2023-06-18,12,368.22,19
171,7,Window,2023-11-06,29,496.65,27
172,6,News,2023-05-31,16,347.6,23
173,10,Floor,2023-09-05,18,302.8,1
174,4,Important,2023-10-20,3,170.98,4
175,9,Result,2023-03-23,43,107.7,29
176,1,Floor,2023-03-16,30,16.32,22
177,9,Floor,2023-06-09,9,285.47,17
178,3,Hear,2023-10-28,42,495.48,2
179,5,Floor,2023-07-12,47,369.28,18
180,8,His,2023-01-14,41,133.76,12
181,6,Its,2023-08-24,8,137.13,23
182,1,Window,2023-06-11,25,401.85,30
183,7,His,2023-11-24,25,35.71,17
184,8,Hear,2023-07-27,1,263.43,22
185,1,Window,2023-11-21,4,450.99,1
186,8,Fish,2023-03-16,35,296.61,24
187,5,Floor,2023-05-12,50,79.46,19
188,9,Result,2023-04-17,50,13.19,25
189,1,Identify,2023-07-06,32,316.82,12
190,8,Floor,2023-02-12,46,311.62,9
191,6,Important,2023-08-17,48,184.21,10
192,10,Hear,2023-08-26,30,428.3,29
193,1,News,2023-07-31,18,5.08,17
194,10,Important,2023-08-03,32,24.31,18
195,10,His,2023-02-05,12,242.23,22
196,8,Its,2023-11-01,18,233.42,8
197,10,Window,2023-10-22,1,194.78,23
198,10,Window,2023-05-20,46,28.84,15
199,2,Its,2023-04-26,41,223.46,30
200,7,Result,2023-07-04,32,370.67,23
201,9,Fish,2023-12-05,44,368.07,10
202,9,Fish,2023-03-17,1,181.8,13
203,9,Important,2023-03-28,22,312.17,8
204,7,His,2023-07-28,23,127.41,13
205,6,His,2023-07-16,16,273.03,3
206,4,Window,2023-12-03,17,221.37,7
207,3,Its,2023-11-27,17,345.06,4
208,10,Identify,2023-02-15,9,21.05,1
209,4,Fish,2023-07-07,42,310.63,9
210,8,Window,2023-06-13,3,499.31,8
211,4,Important,2023-12-12,1,132.93,26
212,3,Fish,2023-04-16,7,403.23,27
213,8,News,2023-07-21,41,140.92,12
214,4,Fish,2023-09-29,17,168.43,3
215,1,Floor,2023-02-19,16,65.95,17
216,8,Identify,2023-06-26,38,206.33,21
217,6,Floor,2023-05-08,1,342.79,29
218,7,Window,2023-01-04,1,498.41,15
219,1,Floor,2023-02-10,40,301.62,13
220,10,Identify,2023-02-18,28,21.2,5
221,9,Result,2023-07-22,47,467.81,14
222,4,Important,2023-07-28,15,253.42,9
223,8,Floor,2023-12-07,44,124.01,5
224,7,Important,2023-04-06,36,12.57,25
225,10,Hear,2023-02-09,42,67.14,4
226,5,Its,2023-03-28,47,425.26,17
227,6,Its,2023-11-28,47,313.68,12
228,7,Hear,2023-07-12,11,235.08,6
229,8,Its,2023-12-10,43,253.83,17
230,8,Hear,2023-10-18,34,8.47,16
231,6,Important,2023-09-11,25,100.58,25
232,2,Fish,2023-10-17,37,250.34,29
233,8,Floor,2023-10-12,11,438.61,4
234,5,Floor,2023-09-04,15,335.87,4
235,5,Result,2023-12-08,6,351.62,3
236,8,His,2023-10-30,4,434.55,14
237,2,News,2023-05-04,48,285.33,18
238,5,Its,2023-09-13,3,277.35,8
239,1,Window,2023-05-08,30,494.29,6
240,9,Window,2023-10-03,49,261.16,15
241,8,Hear,2023-03-26,3,90.08,8
242,3,Result,2023-02-23,23,314.93,11
243,3,News,2023-10-15,39,372.56,27
244,3,Window,2023-02-13,33,10.55,4
245,4,Its,2023-03-16,41,243.83,29
246,1,Result,2023-09-08,16,309.91,13
247,3,His,2023-03-01,47,86.63,18
248,3,Its,2023-02-07,12,296.27,7
249,8,His,2023-03-21,47,60.39,2
250,8,Its,2023-03-25,39,461.25,20
251,10,Hear,2023-12-29,5,39.68,26
252,8,His,2023-02-27,34,473.12,12
253,3,Hear,2023-06-03,23,396.13,6
254,8,Important,2023-09-27,10,61.54,12
255,10,News,2023-02-11,36,107.82,11
256,10,His,2023-02-26,12,456.36,6
257,2,Result,2023-10-15,49,335.22,28
258,10,Hear,2023-05-26,26,270.04,23
259,2,Result,2023-05-16,22,276.13,26
260,7,Result,2023-07-31,14,360.6,13
261,8,Fish,2023-05-02,6,336.38,27
262,7,Window,2023-03-22,23,153.48,28
263,4,Floor,2023-01-10,49,77.75,15
264,1,Identify,2023-12-26,13,209.14,13
265,10,His,2023-04-21,38,397.89,1
266,10,Its,2023-09-04,50,74.49,10
267,5,Window,2023-10-19,48,210.49,20
268,4,His,2023-08-21,31,152.2,11
269,1,News,2023-08-21,12,168.62,22
270,8,Its,2023-04-15,42,90.19,28
271,1,His,2023-11-16,40,148.7,2
272,8,Important,2023-12-18,49,28.75,23
273,2,News,2023-01-23,28,399.87,18
274,10,Identify,2023-08-13,35,342.69,24
275,8,Fish,2023-10-09,44,303.44,23
276,10,Fish,2023-07-18,32,37.46,3
277,2,News,2023-01-12,33,234.82,1
278,2,Its,2023-11-26,23,315.46,6
279,7,Hear,2023-10-31,16,201.26,25
280,10,Its,2023-10-16,49,376.51,25
281,2,Its,2023-11-14,30,321.71,3
282,10,News,2023-12-06,15,124.77,2
283,3,Window,2023-05-01,44,298.06,6
284,7,Hear,2023-10-12,2,367.96,18
285,4,Floor,2023-05-17,43,9.07,15
286,10,Identify,2023-07-15,37,201.7,5
287,8,Window,2023-02-04,2,409.76,5
288,10,Result,2023-04-29,3,386.73,12
289,9,Fish,2023-11-15,18,408.35,7
290,8,Fish,2023-11-01,27,131.99,1
291,8,Identify,2023-12-28,23,331.4,4
292,2,News,2023-02-12,27,129.68,13
293,6,Hear,2023-06-06,22,481.78,29
294,8,News,2023-06-09,32,345.9,7
295,2,Floor,2023-01-31,15,95.74,10
296,6,Window,2023-11-22,20,58.1,3
297,1,News,2023-10-19,6,493.22,18
298,8,Its,2023-11-10,39,128.5,9
299,10,News,2023-07-08,40,99.38,2
300,10,News,2023-07-06,41,326.78,15
301,3,Window,2023-11-21,15,215.77,9
302,4,Floor,2023-07-06,8,101.08,13
303,5,News,2023-03-30,42,232.72,18
304,5,Floor,2023-03-30,39,121.28,2
305,2,Floor,2023-01-12,2,343.53,12
306,9,His,2023-08-27,2,179.86,19
307,8,Floor,2023-01-31,10,330.81,15
308,2,Identify,2023-06-06,36,140.97,14
309,9,News,2023-02-25,13,403.2,29
310,3,Its,2023-04-02,15,228.96,1
311,1,Result,2023-01-26,28,51.84,25
312,4,Hear,2023-02-09,26,473.65,5
313,7,Fish,2023-12-01,41,187.09,7
314,10,Result,2023-05-25,19,363.93,18
315,1,Window,2023-08-01,33,478.88,22
316,1,Hear,2023-12-30,28,154.77,7
317,9,Result,2023-06-05,50,399.17,15
318,2,Window,2023-11-11,12,73.7,3
319,7,Identify,2023-08-22,22,273.78,13
320,8,Important,2023-06-23,2,380.84,13
321,7,Result,2023-07-02,9,117.9,3
322,9,Result,2023-05-08,21,241.79,9
323,3,Its,2023-11-09,6,71.39,16
324,10,Floor,2023-03-28,41,85.74,1
325,8,Floor,2023-05-19,13,320.92,18
326,9,Important,2023-06-17,47,130.96,22
327,2,News,2023-05-30,24,186.95,14
328,5,Result,2023-10-29,38,35.74,19
329,4,Identify,2023-07-27,28,344.35,16
330,8,Window,2023-04-12,21,89.17,14
331,6,Hear,2023-08-20,43,89.14,15
332,5,His,2023-02-19,25,36.79,30
333,8,Its,2023-10-30,4,209.62,21
334,4,Its,2023-06-12,6,247.54,28
335,3,Its,2023-12-13,49,396.5,8
336,1,Important,2023-05-01,49,328.65,8
337,4,Hear,2023-09-02,36,139.21,13
338,4,Fish,2023-07-25,23,343.76,12
339,7,News,2023-04-20,12,230.68,22
340,9,Result,2023-02-25,41,435.77,18
341,6,Result,2023-10-09,2,194.7,15
342,10,News,2023-10-24,23,377.26,29
343,4,Its,2023-03-03,6,484.14,23
344,5,Hear,2023-12-11,28,163.38,22
345,3,Fish,2023-11-09,29,465.89,11
346,4,Window,2023-03-23,3,103.8,14
347,6,Window,2023-10-03,29,421.39,16
348,9,Floor,2023-08-09,49,376.15,11
349,1,Floor,2023-06-26,49,367.69,6
350,9,Floor,2023-04-30,23,337.42,29
351,1,Result,2023-07-19,7,221.72,24
352,8,Its,2023-12-09,1,103.31,19
353,9,Result,2023-06-27,26,232.95,12
354,8,Result,2023-08-04,37,42.41,11
355,8,News,2023-04-07,32,256.28,19
356,4,Hear,2023-02-09,50,234.48,21
357,4,Hear,2023-11-01,7,349.95,19
358,4,Window,2023-09-19,33,294.95,22
359,6,Fish,2023-05-14,35,112.01,10
360,4,Window,2023-01-28,40,205.88,5
361,8,Its,2023-07-20,50,422.05,16
362,4,Window,2023-01-03,20,383.92,2
363,1,His,2023-02-27,1,324.08,21
364,9,Hear,2023-05-01,45,21.33,14
365,6,Important,2023-06-19,30,457.38,22
366,10,Its,2023-04-22,6,26.4,10
367,10,Hear,2023-11-10,18,247.31,5
368,7,Window,2023-02-10,26,363.26,26
369,9,Important,2023-12-18,47,229.68,28
370,3,Hear,2023-09-09,21,203.12,25
371,7,Its,2023-11-04,30,199.66,15
372,6,Hear,2023-08-11,50,39.4,16
373,2,Hear,2023-03-11,36,345.71,20
374,10,Fish,2023-09-17,43,173.2,23
375,4,News,2023-10-07,44,425.49,30
376,7,News,2023-01-20,7,335.95,15
377,3,Floor,2023-03-16,11,427.79,6
378,5,Floor,2023-10-09,44,132.5,2
379,10,Important,2023-03-01,21,395.0,18
380,7,News,2023-04-11,18,311.47,5
381,7,Hear,2023-01-04,12,429.07,16
382,1,Fish,2023-09-10,21,411.12,9
383,5,Hear,2023-11-15,31,169.76,12
384,8,Floor,2023-11-03,12,336.41,4
385,10,Hear,2023-10-02,10,36.12,12
386,8,Result,2023-10-19,37,416.93,4
387,1,Window,2023-06-04,31,275.52,6
388,9,Its,2023-12-29,38,433.03,24
389,10,Floor,2023-10-28,7,14.39,18
390,3,Its,2023-12-10,25,64.77,14
391,7,His,2023-09-10,15,267.79,8
392,4,Important,2023-04-28,16,326.83,30
393,9,Important,2023-12-16,36,206.7,24
394,9,Fish,2023-08-12,30,206.3,16
395,6,Its,2023-07-27,45,328.17,13
396,9,Its,2023-09-20,12,31.2,6
397,8,Result,2023-10-05,19,96.39,12
398,3,Floor,2023-12-20,33,53.43,8
399,7,Result,2023-06-29,7,254.56,5
400,2,Identify,2023-04-28,9,102.65,8
401,9,Floor,2023-08-19,27,166.16,8
402,7,Identify,2023-03-11,31,377.68,17
403,3,Result,2023-05-14,45,78.43,1
404,8,Identify,2023-06-23,24,260.24,23
405,9,Result,2023-01-09,5,213.7,5
406,2,Identify,2023-04-25,12,22.05,8
407,5,Floor,2023-01-10,28,423.65,4
408,9,Floor,2023-11-01,4,463.89,3
409,10,News,2023-02-19,6,149.12,30
410,6,Hear,2023-05-16,4,429.31,25
411,7,His,2023-11-26,16,100.33,8
412,7,Fish,2023-07-23,49,27.23,9
413,7,Its,2023-12-07,16,129.14,25
414,7,News,2023-01-28,27,125.51,26
415,5,Identify,2023-11-05,48,264.78,10
416,2,Important,2023-06-24,14,153.26,26
417,7,Window,2023-08-30,5,178.6,10
418,8,Floor,2023-08-20,33,340.95,15
419,4,Fish,2023-10-09,39,463.46,13
420,2,Hear,2023-06-11,17,90.29,18
421,10,Floor,2023-06-17,28,305.17,18
422,6,Floor,2023-11-01,45,402.66,27
423,1,News,2023-11-12,16,439.36,12
424,9,Hear,2023-02-11,38,192.71,15
425,6,Floor,2023-11-01,19,118.45,16
426,10,Identify,2023-11-25,42,267.86,18
427,8,Identify,2023-02-18,21,481.02,3
428,10,Fish,2023-02-06,10,210.38,11
429,10,His,2023-06-10,42,125.9,25
430,1,Fish,2023-02-23,43,307.6,22
431,9,Important,2023-04-06,36,443.46,18
432,4,Hear,2023-08-09,41,313.95,9
433,7,Identify,2023-04-13,3,95.93,11
434,3,Identify,2023-02-19,46,192.08,23
435,2,Window,2023-11-22,44,52.59,1
436,4,Window,2023-10-13,3,299.71,17
437,2,Its,2023-05-11,5,60.65,19
438,2,Hear,2023-06-06,8,343.23,20
439,5,Hear,2023-04-04,12,139.19,2
440,1,Result,2023-10-30,46,56.19,14
441,1,Floor,2023-04-05,15,161.69,17
442,4,Hear,2023-02-11,2,447.5,13
443,3,Window,2023-02-02,30,497.24,8
444,10,Window,2023-06-19,42,155.84,13
445,3,Hear,2023-02-21,2,276.06,22
446,9,Floor,2023-07-13,40,315.95,28
447,4,Fish,2023-08-03,21,275.99,14
448,8,News,2023-06-07,41,294.44,14
449,9,Important,2023-04-04,42,245.79,27
450,4,Identify,2023-09-26,22,344.88,19
451,10,His,2023-09-23,5,220.49,1
452,10,His,2023-06-29,50,457.73,6
453,3,Identify,2023-07-25,50,23.4,17
454,1,Hear,2023-09-21,1,434.5,11
455,10,Fish,2023-07-10,20,288.56,16
456,10,Window,2023-12-29,13,94.69,17
457,7,Hear,2023-08-06,17,499.57,5
458,1,His,2023-01-20,36,320.45,18
459,5,Hear,2023-08-23,36,449.63,7
460,5,Fish,2023-03-16,50,294.74,10
461,8,Its,2023-09-04,30,23.85,7
462,7,News,2023-09-06,5,220.07,25
463,5,News,2023-04-12,33,488.06,1
464,7,Fish,2023-10-11,28,359.65,14
465,7,News,2023-12-05,21,36.69,6
466,6,His,2023-03-25,26,159.11,5
467,1,Window,2023-09-06,38,487.84,7
468,8,His,2023-09-14,17,372.48,25
469,2,Important,2023-02-16,49,5.85,20
470,4,News,2023-12-24,39,136.7,10
471,1,Identify,2023-10-02,50,11.86,24
472,5,News,2023-07-04,18,460.63,2
473,10,His,2023-06-22,34,494.53,27
474,1,Floor,2023-04-01,30,49.58,30
475,2,Window,2023-04-29,27,468.07,15
476,3,Fish,2023-11-22,42,332.03,7
477,2,News,2023-09-09,5,151.64,4
478,6,Floor,2023-08-09,25,376.46,15
479,3,Hear,2023-11-12,27,96.18,2
480,4,His,2023-03-05,42,97.19,21
481,9,Its,2023-07-28,21,113.46,18
482,9,Result,2023-05-21,3,266.2,27
483,3,Floor,2023-07-01,27,7.26,10
484,5,News,2023-07-22,42,479.82,1
485,10,Important,2023-07-24,13,443.82,3
486,6,Result,2023-11-20,14,191.38,11
487,10,Hear,2023-07-30,11,331.44,16
488,8,Important,2023-04-10,42,283.67,30
489,5,Result,2023-04-23,41,157.29,14
490,8,Important,2023-07-20,28,381.37,16
491,1,Identify,2023-08-21,21,453.59,4
492,2,Fish,2023-08-26,37,25.56,23
493,1,His,2023-03-02,8,374.66,9
494,6,Its,2023-08-07,13,360.37,25
495,2,Floor,2023-11-13,21,255.28,19
496,7,Window,2023-03-26,49,363.77,26
497,1,News,2023-03-05,46,49.55,20
498,7,Result,2023-02-15,37,423.72,12
499,10,Window,2023-09-23,21,482.46,23
500,7,His,2023-05-08,19,350.68,9
501,5,News,2023-07-11,6,296.35,4
502,8,Identify,2023-04-30,5,100.68,10
503,8,News,2023-09-11,6,301.31,6
504,4,Important,2023-02-09,47,61.06,9
505,2,Fish,2023-12-19,38,251.81,20
506,4,Hear,2023-07-19,48,104.18,30
507,4,Hear,2023-04-20,21,399.34,28
508,2,Window,2023-07-31,42,426.19,15
509,1,Important,2023-10-10,42,154.99,2
510,4,His,2023-03-11,24,290.03,20
511,2,Identify,2023-05-27,32,97.26,1
512,3,Identify,2023-04-27,29,3.97,24
513,7,Fish,2023-12-26,38,297.29,25
514,5,Its,2023-05-03,29,222.89,11
515,2,Floor,2023-06-16,20,403.33,1
516,6,Identify,2023-11-28,23,299.09,11
517,2,His,2023-11-26,11,319.39,9
518,3,Important,2023-11-17,4,216.93,17
519,2,Floor,2023-12-27,19,258.04,30
520,10,News,2023-11-15,25,252.31,26
521,5,Important,2023-07-15,50,145.96,26
522,3,Result,2023-05-09,33,339.69,6
523,5,Window,2023-03-30,44,295.94,8
524,6,Identify,2023-05-05,7,59.58,5
525,7,Fish,2023-07-12,46,488.83,7
526,6,News,2023-08-05,22,431.5,2
527,9,News,2023-09-24,16,283.35,20
528,3,Its,2023-04-06,30,389.73,24
529,10,Important,2023-09-26,48,235.98,10
530,9,Fish,2023-11-23,33,33.19,13
531,3,Hear,2023-11-18,48,298.74,24
532,5,News,2023-07-14,4,174.6,26
533,7,His,2023-05-14,37,133.04,27
534,3,News,2023-09-24,34,5.79,17
535,8,Result,2023-05-13,14,258.93,18
536,3,Important,2023-02-17,27,162.32,16
537,3,Result,2023-03-04,44,97.45,13
538,6,Its,2023-11-24,16,143.87,19
539,10,News,2023-03-22,31,470.9,14
540,7,Result,2023-08-17,4,365.69,27
541,3,News,2023-06-14,13,26.03,17
542,1,His,2023-12-20,6,186.76,11
543,3,News,2023-06-12,17,352.98,8
544,7,Floor,2023-07-06,44,383.64,3
545,3,News,2023-09-15,1,213.73,14
546,9,News,2023-02-11,40,198.41,15
547,10,Window,2023-11-27,31,171.97,4
548,9,Its,2023-10-03,18,239.38,27
549,7,Result,2023-01-24,37,434.14,1
550,5,News,2023-05-30,3,429.35,17
551,9,Hear,2023-02-23,1,392.72,2
552,8,Fish,2023-02-04,25,166.08,1
553,10,Hear,2023-03-30,11,10.34,19
554,8,Fish,2023-12-18,18,241.8,18
555,6,Important,2023-01-15,42,11.02,3
556,2,His,2023-01-28,46,399.08,12
557,3,His,2023-04-23,30,456.65,10
558,7,Result,2023-04-16,23,350.03,23
559,9,Floor,2023-11-28,12,377.38,20
560,9,Its,2023-12-27,15,216.91,21
561,1,News,2023-12-03,3,403.67,23
562,1,Result,2023-09-16,48,264.9,4
563,2,Floor,2023-07-28,22,251.64,3
564,4,Its,2023-06-24,40,223.1,25
565,6,Fish,2023-05-01,23,103.07,30
566,1,Important,2023-12-28,20,27.71,5
567,9,News,2023-01-13,33,140.34,24
568,1,Window,2023-12-13,1,210.94,9
569,5,His,2023-05-31,28,97.86,12
570,9,Identify,2023-03-20,39,166.8,3
571,5,Its,2023-10-09,6,470.23,12
572,8,Its,2023-09-22,22,173.8,19
573,1,Its,2023-07-19,11,370.33,24
574,1,His,2023-12-21,39,33.5,29
575,7,Its,2023-08-01,13,320.32,18
576,5,Fish,2023-08-28,35,93.93,18
577,8,News,2023-03-18,22,213.59,29
578,5,Important,2023-05-01,37,280.63,17
579,1,News,2023-03-15,17,401.84,15
580,7,Hear,2023-08-18,8,394.54,22
581,10,Floor,2023-09-11,40,333.24,29
582,1,Hear,2023-01-04,16,23.97,2
583,3,Important,2023-07-22,30,477.78,2
584,1,Floor,2023-03-08,8,293.57,13
585,7,His,2023-12-23,49,8.05,26
586,10,Floor,2023-11-06,29,368.25,23
587,9,Its,2023-08-09,1,233.37,14
588,8,Window,2023-09-01,4,150.94,15
589,8,Identify,2023-11-14,5,260.18,7
590,7,Identify,2023-02-14,50,308.7,29
591,5,Its,2023-06-15,12,425.19,3
592,7,Its,2023-11-14,8,180.91,15
593,5,Its,2023-02-28,46,443.24,15
594,7,Floor,2023-07-08,18,260.05,14
595,4,Its,2023-10-24,15,10.22,6
596,2,Hear,2023-11-12,38,427.88,4
597,5,Result,2023-07-23,30,193.15,19
598,2,Identify,2023-07-22,25,68.71,22
599,2,Fish,2023-12-22,6,260.46,1
600,10,Identify,2023-10-28,2,355.34,23
601,9,His,2023-11-21,36,10.51,23
602,6,Fish,2023-11-30,4,475.85,27
603,8,Window,2023-10-17,1,293.58,5
604,6,Its,2023-08-13,36,348.56,8
605,4,Important,2023-04-07,27,367.25,27
606,6,News,2023-02-17,38,394.99,9
607,2,Important,2023-05-04,22,84.24,20
608,5,His,2023-02-26,38,65.46,12
609,7,Result,2023-02-06,6,393.33,2
610,7,Identify,2023-01-04,18,424.76,9
611,7,Window,2023-07-12,2,142.12,21
612,9,News,2023-08-04,42,301.3,18
613,10,Result,2023-06-19,8,144.68,2
614,4,Its,2023-09-13,44,70.71,14
615,4,Window,2023-08-03,24,174.71,21
616,6,His,2023-12-24,30,249.02,22
617,3,Result,2023-11-02,4,479.3,29
618,4,Important,2023-07-19,6,403.99,3
619,10,Result,2023-04-09,15,269.26,22
620,8,His,2023-01-05,4,290.63,21
621,2,Fish,2023-10-21,20,194.87,2
622,6,Identify,2023-08-09,38,299.74,20
623,9,Its,2023-12-09,48,434.81,30
624,9,News,2023-12-07,16,136.2,7
625,5,Result,2023-03-04,21,472.24,13
626,1,Result,2023-04-25,2,160.06,29
627,5,Important,2023-07-23,20,334.04,2
628,6,Result,2023-08-06,11,94.37,23
629,1,Floor,2023-05-21,24,134.79,8
630,6,Window,2023-04-14,17,467.8,14
631,4,Hear,2023-08-13,18,73.97,17
632,3,Floor,2023-11-26,50,49.26,14
633,7,Important,2023-02-02,50,397.67,27
634,8,Floor,2023-02-19,5,76.88,10
635,3,Identify,2023-01-25,33,344.49,1
636,4,Window,2023-01-24,35,336.9,11
637,6,Its,2023-05-18,47,360.67,4
638,2,Identify,2023-01-30,28,44.26,20
639,3,News,2023-03-28,26,446.23,5
640,6,Important,2023-12-14,21,42.36,27
641,6,Its,2023-06-08,11,26.6,26
642,6,His,2023-07-15,28,14.13,17
643,5,His,2023-02-08,49,252.95,29
644,9,Important,2023-09-01,36,132.15,8
645,7,Hear,2023-04-03,12,269.98,11
646,3,Window,2023-02-04,47,106.87,3
647,6,Hear,2023-02-12,9,87.12,6
648,2,News,2023-08-10,45,459.79,20
649,2,Window,2023-03-06,39,468.35,5
650,8,His,2023-03-04,27,255.42,28
651,7,Floor,2023-10-15,33,399.29,14
652,1,Window,2023-03-12,4,489.96,6
653,1,Window,2023-09-03,46,10.87,9
654,6,Important,2023-09-07,14,9.12,24
655,10,His,2023-01-03,34,205.06,16
656,10,His,2023-11-03,1,187.16,22
657,9,Fish,2023-02-12,17,89.76,18
658,10,Hear,2023-06-16,42,83.72,18
659,3,Identify,2023-07-07,1,294.71,16
660,10,Its,2023-09-17,14,151.29,4
661,9,His,2023-12-28,17,202.62,23
662,6,Identify,2023-10-06,18,196.93,5
663,4,Fish,2023-06-20,35,364.11,17
664,1,Fish,2023-09-14,9,344.58,4
665,1,News,2023-03-31,6,120.72,2
666,7,Hear,2023-08-16,48,67.5,10
667,6,News,2023-01-20,12,462.84,25
668,10,Its,2023-05-11,17,498.09,16
669,10,Its,2023-11-28,23,243.05,4
670,6,Fish,2023-09-26,18,399.44,10
671,2,Hear,2023-07-07,24,308.41,26
672,9,Window,2023-09-15,34,330.14,29
673,7,Window,2023-08-07,22,441.76,26
674,4,His,2023-07-24,8,244.61,10
675,10,His,2023-02-20,25,491.57,8
676,9,Important,2023-07-29,14,192.86,26
677,5,Fish,2023-11-08,6,282.4,21
678,3,Important,2023-12-06,20,466.38,13
679,7,Identify,2023-04-08,3,298.16,14
680,5,Fish,2023-09-19,4,99.3,17
681,7,Hear,2023-03-01,41,116.82,15
682,4,Important,2023-06-23,38,73.89,28
683,10,Result,2023-09-09,14,347.5,25
684,10,Important,2023-08-21,48,376.04,7
685,10,Window,2023-04-30,44,170.34,26
686,6,His,2023-09-27,49,433.45,17
687,3,Identify,2023-08-28,42,242.94,27
688,5,Important,2023-02-13,26,494.09,7
689,5,Important,2023-01-31,12,21.78,25
690,8,Result,2023-01-27,11,89.74,2
691,2,Floor,2023-02-20,30,446.12,13
692,10,News,2023-09-08,19,76.08,24
693,4,Important,2023-04-10,49,306.95,16
694,4,Hear,2023-07-25,13,342.83,19
695,9,Floor,2023-07-18,35,291.21,1
696,8,Hear,2023-03-14,10,302.48,27
697,7,Window,2023-08-30,35,56.1,24
698,3,Result,2023-03-31,25,494.43,12
699,6,Window,2023-03-09,15,411.8,18
700,9,News,2023-09-17,31,72.02,20
701,3,His,2023-03-27,41,285.66,22
702,7,Hear,2023-11-08,33,172.34,4
703,5,Floor,2023-07-11,1,169.15,22
704,7,Floor,2023-11-03,29,345.84,19
705,6,Its,2023-07-23,22,215.73,24
706,1,Identify,2023-01-01,36,163.5,9
707,2,Important,2023-05-06,23,400.06,3
708,4,Window,2023-05-04,7,384.23,30
709,10,His,2023-05-10,21,273.38,25
710,3,Important,2023-11-16,32,464.15,3
711,2,Hear,2023-04-11,14,3.42,20
712,3,Its,2023-05-26,48,371.64,13
713,4,Floor,2023-11-01,5,266.49,18
714,8,Result,2023-01-28,39,328.18,24
715,4,Result,2023-05-05,45,22.87,22
716,9,His,2023-11-08,4,480.67,15
717,2,Important,2023-09-16,38,109.84,17
718,4,Identify,2023-04-05,23,417.39,24
719,6,Hear,2023-10-28,34,258.14,7
720,3,Floor,2023-10-23,8,239.94,4
721,2,Result,2023-06-21,31,195.31,21
722,8,Hear,2023-10-26,29,148.86,1
723,5,Result,2023-11-05,50,88.83,27
724,1,Identify,2023-03-23,8,137.26,21
725,3,Hear,2023-10-09,31,214.64,21
726,9,Floor,2023-05-06,44,290.04,5
727,8,Hear,2023-02-12,3,419.54,10
728,4,Window,2023-10-09,10,214.6,22
729,6,Identify,2023-01-03,29,79.22,11
730,2,Identify,2023-09-25,14,266.38,11
731,9,His,2023-05-10,3,106.63,10
732,5,Fish,2023-11-13,44,318.31,2
733,10,Important,2023-10-21,21,266.59,10
734,4,Identify,2023-05-08,24,186.75,6
735,8,Window,2023-06-28,31,363.07,6
736,1,Fish,2023-05-26,43,263.55,18
737,5,Identify,2023-06-07,20,177.17,11
738,9,Floor,2023-03-22,6,206.36,28
739,5,Hear,2023-03-15,5,291.31,15
740,7,Result,2023-12-15,43,250.59,15
741,1,Window,2023-09-03,45,324.31,8
742,9,His,2023-12-02,17,77.0,25
743,5,Fish,2023-10-17,23,96.1,21
744,4,His,2023-07-01,48,267.8,12
745,2,Hear,2023-09-10,39,377.7,28
746,4,Its,2023-04-27,42,102.39,13
747,1,Hear,2023-06-30,25,20.84,17
748,4,His,2023-03-28,13,112.04,30
749,9,Fish,2023-03-11,44,175.26,1
750,8,Important,2023-09-04,36,81.27,29
751,7,News,2023-12-18,49,148.49,30
752,1,Window,2023-09-15,42,468.58,29
753,4,Fish,2023-03-17,43,163.42,2
754,4,Window,2023-05-21,37,329.96,22
755,4,Result,2023-10-23,38,257.01,30
756,10,Fish,2023-09-03,49,256.52,11
757,4,Important,2023-08-03,14,48.78,16
758,1,Result,2023-10-16,15,112.0,24
759,8,Window,2023-05-08,44,98.53,7
760,8,Floor,2023-05-06,48,339.06,29
761,9,Important,2023-06-29,28,366.4,24
762,7,Window,2023-01-10,29,173.57,7
763,3,Important,2023-12-02,41,414.8,27
764,7,Identify,2023-02-15,15,311.76,25
765,10,News,2023-12-02,27,234.06,16
766,8,Result,2023-06-23,48,443.24,5
767,2,Fish,2023-02-02,25,476.16,26
768,2,His,2023-02-01,4,398.9,22
769,10,Hear,2023-03-07,43,42.12,15
770,6,His,2023-05-06,19,282.75,14
771,8,Identify,2023-02-25,3,95.0,8
772,7,Result,2023-12-12,7,378.93,21
773,4,Its,2023-08-24,38,175.6,7
774,3,Result,2023-02-04,19,353.81,4
775,10,His,2023-10-08,16,301.69,1
776,7,His,2023-12-29,46,375.11,6
777,9,Window,2023-07-05,18,464.41,8
778,6,Its,2023-09-17,9,30.7,21
779,1,Window,2023-04-20,38,405.57,16
780,8,Fish,2023-07-12,6,378.09,24
781,6,Hear,2023-06-02,17,210.08,24
782,4,Important,2023-11-08,48,245.32,30
783,7,News,2023-07-13,22,55.87,23
784,7,Result,2023-10-22,11,186.72,16
785,9,Window,2023-06-15,18,297.92,9
786,10,Hear,2023-05-14,21,301.63,11
787,3,His,2023-04-11,44,52.62,7
788,4,Its,2023-08-12,41,260.99,16
789,1,Identify,2023-10-01,45,153.22,13
790,9,Floor,2023-06-23,21,7.96,26
791,2,Its,2023-09-24,48,467.33,14
792,9,Identify,2023-10-26,34,409.62,8
793,1,Window,2023-09-11,7,120.17,5
794,6,Fish,2023-03-20,10,59.12,16
795,5,Important,2023-11-13,31,301.05,21
796,7,Result,2023-09-05,21,248.83,10
797,2,Result,2023-01-13,40,485.52,8
798,1,Window,2023-01-27,7,351.89,24
799,7,Window,2023-08-24,27,479.7,29
800,5,Floor,2023-12-14,40,496.72,23
801,7,Identify,2023-06-28,7,224.34,23
802,4,Floor,2023-02-24,9,443.01,5
803,8,Fish,2023-06-02,11,441.76,25
804,6,Its,2023-05-31,38,212.23,19
805,4,Important,2023-05-26,15,224.3,27
806,2,Result,2023-06-16,6,337.49,30
807,9,Fish,2023-08-15,46,475.11,18
808,4,Hear,2023-05-19,30,304.39,27
809,4,Fish,2023-05-28,12,24.76,15
810,8,Fish,2023-04-10,35,80.8,12
811,1,His,2023-05-26,29,456.45,12
812,5,His,2023-02-26,28,480.51,19
813,8,His,2023-04-01,38,427.41,13
814,7,Floor,2023-06-09,38,55.59,30
815,4,Important,2023-10-22,50,31.22,28
816,2,Floor,2023-08-04,28,137.59,25
817,10,Result,2023-06-20,41,399.3,18
818,3,His,2023-05-05,29,494.47,7
819,1,Important,2023-12-22,7,19.22,19
820,2,Identify,2023-05-11,13,336.8,21
821,8,Its,2023-02-23,17,3.55,18
822,5,Fish,2023-11-19,23,21.71,7
823,3,Its,2023-01-25,41,233.5,1
824,2,His,2023-07-15,21,380.41,4
825,1,Its,2023-05-19,30,440.51,24
826,3,Hear,2023-05-29,5,416.62,2
827,1,Its,2023-09-05,30,338.12,8
828,1,Result,2023-08-16,10,292.73,27
829,2,His,2023-08-05,27,438.37,2
830,6,Its,2023-05-17,15,471.28,23
831,2,Window,2023-10-13,5,414.08,26
832,1,Result,2023-04-21,2,50.01,20
833,4,News,2023-04-29,24,401.96,7
834,2,Identify,2023-05-17,21,457.08,10
835,5,Hear,2023-11-14,11,113.66,16
836,3,Fish,2023-03-02,32,65.01,2
837,8,Floor,2023-07-04,11,462.33,30
838,3,Window,2023-08-01,34,252.05,16
839,3,Important,2023-05-31,46,284.36,27
840,9,News,2023-12-31,49,423.32,12
841,7,News,2023-02-17,14,398.43,17
842,3,Important,2023-05-09,11,379.92,2
843,4,Floor,2023-09-22,14,93.3,5
844,5,Important,2023-07-12,3,264.77,10
845,10,His,2023-12-12,40,11.73,1
846,2,Floor,2023-12-27,15,334.81,2
847,3,Its,2023-10-11,29,266.12,18
848,2,Floor,2023-12-31,22,189.66,25
849,2,Floor,2023-04-07,4,470.43,30
850,1,Window,2023-09-10,14,147.17,16
851,3,Window,2023-07-21,38,316.56,30
852,2,News,2023-02-19,26,327.1,7
853,6,Window,2023-12-16,33,35.26,8
854,1,Important,2023-05-30,13,372.61,29
855,6,Fish,2023-04-16,18,70.22,8
856,6,Important,2023-05-24,36,54.43,19
857,6,Window,2023-02-20,1,335.06,24
858,7,His,2023-02-06,43,211.6,14
859,10,Fish,2023-03-28,45,345.52,15
860,1,Its,2023-09-03,50,173.27,20
861,10,Important,2023-06-21,39,75.08,18
862,1,Important,2023-12-14,16,476.92,11
863,7,Its,2023-10-22,29,213.1,9
864,2,Identify,2023-02-08,37,235.13,20
865,9,Floor,2023-05-11,31,182.21,28
866,9,Result,2023-04-04,41,449.98,24
867,6,Result,2023-05-01,28,272.45,26
868,3,Floor,2023-07-22,47,167.78,16
869,5,Hear,2023-01-06,43,136.17,13
870,10,Identify,2023-03-20,43,91.17,29
871,4,Floor,2023-12-07,48,314.19,15
872,8,His,2023-10-03,18,313.97,19
873,7,Identify,2023-03-13,32,238.94,30
874,7,Important,2023-02-20,29,118.07,2
875,6,Window,2023-10-02,6,171.54,13
876,5,Hear,2023-07-14,28,92.0,28
877,7,Its,2023-02-09,42,108.03,13
878,10,Window,2023-02-26,31,95.93,24
879,5,Important,2023-06-06,26,39.94,15
880,5,Identify,2023-07-28,25,104.31,22
881,6,Floor,2023-08-04,43,284.91,30
882,5,Identify,2023-05-08,33,36.4,23
883,1,Hear,2023-10-16,32,360.83,20
884,4,Its,2023-09-22,41,131.42,21
885,7,Its,2023-10-12,11,16.22,9
886,6,His,2023-03-14,29,199.08,15
887,4,News,2023-09-15,12,22.08,19
888,6,His,2023-11-04,50,364.48,18
889,3,Window,2023-08-31,23,369.42,22
890,8,Hear,2023-07-09,27,144.45,14
891,9,Result,2023-08-17,16,361.36,4
892,4,Floor,2023-06-15,48,342.69,11
893,10,His,2023-06-06,34,416.27,18
894,6,His,2023-12-31,12,232.44,17
895,8,Result,2023-11-05,3,99.85,19
896,10,Fish,2023-04-13,38,129.81,27
897,3,Floor,2023-03-11,1,263.73,4
898,8,Important,2023-02-05,3,329.33,17
899,8,Fish,2023-06-29,44,427.87,9
900,6,Window,2023-02-15,8,279.94,7
901,5,Fish,2023-12-14,31,318.86,1
902,10,Fish,2023-06-23,10,496.05,24
903,3,Important,2023-12-25,4,353.87,17
904,3,Floor,2023-05-18,13,264.24,13
905,8,Identify,2023-02-06,50,180.75,1
906,5,Window,2023-04-19,19,363.93,23
907,9,Window,2023-10-10,16,163.17,19
908,7,Result,2023-01-22,33,16.62,23
909,4,Fish,2023-03-06,6,378.9,18
910,7,His,2023-11-02,15,299.9,23
911,9,Important,2023-08-23,16,261.31,21
912,5,Its,2023-04-25,44,451.03,1
913,5,Fish,2023-03-30,4,282.51,14
914,5,News,2023-07-02,33,303.24,21
915,4,News,2023-09-03,47,128.95,30
916,1,Its,2023-12-16,26,107.48,17
917,10,Window,2023-01-27,6,397.07,27
918,10,Result,2023-10-18,9,29.48,7
919,3,Window,2023-06-20,26,167.72,17
920,1,His,2023-06-09,27,422.03,26
921,4,Hear,2023-03-26,20,435.32,4
922,3,Important,2023-08-28,1,284.51,29
923,2,Window,2023-01-30,47,8.35,17
924,10,Window,2023-03-20,8,179.04,2
925,8,Fish,2023-05-07,31,79.45,1
926,4,Result,2023-04-14,19,160.76,27
927,7,Floor,2023-01-29,34,147.02,11
928,9,Floor,2023-12-03,8,259.66,17
929,5,Identify,2023-06-29,36,287.59,25
930,9,Window,2023-10-26,39,387.13,30
931,8,Fish,2023-06-26,11,201.84,8
932,4,Result,2023-07-01,26,108.35,30
933,1,Window,2023-01-09,46,254.03,8
934,5,Result,2023-12-20,13,280.19,26
935,6,Its,2023-03-27,12,12.79,5
936,9,News,2023-03-08,38,281.97,19
937,4,Hear,2023-11-04,24,330.23,22
938,2,Hear,2023-05-14,8,389.63,16
939,6,His,2023-01-26,48,51.21,22
940,6,Fish,2023-02-14,22,81.58,5
941,8,Important,2023-05-14,49,191.8,13
942,5,Identify,2023-10-13,29,461.16,14
943,4,Floor,2023-03-23,20,219.08,30
944,8,Result,2023-10-07,29,87.13,10
945,7,Fish,2023-09-16,40,185.58,1
946,3,Its,2023-10-09,2,13.55,1
947,3,Result,2023-04-17,8,375.47,11
948,5,Important,2023-06-18,35,205.76,2
949,2,His,2023-09-07,26,266.71,10
950,1,Its,2023-07-13,10,383.04,30
951,7,Important,2023-08-17,12,240.26,9
952,5,Hear,2023-11-23,21,119.25,18
953,1,Result,2023-07-23,43,120.17,28
954,2,Identify,2023-06-14,19,443.8,2
955,9,His,2023-07-21,26,53.52,23
956,10,Window,2023-07-16,9,316.88,4
957,10,Fish,2023-08-23,7,145.9,27
958,9,Hear,2023-05-08,46,498.84,15
959,2,His,2023-12-31,41,123.42,28
960,5,Result,2023-03-06,49,117.3,29
961,3,Result,2023-06-09,48,458.33,9
962,2,Floor,2023-11-12,15,383.05,26
963,3,Important,2023-03-06,19,332.41,23
964,2,Result,2023-12-20,37,270.71,9
965,1,Important,2023-10-10,34,167.46,4
966,8,His,2023-01-05,4,303.08,3
967,1,News,2023-05-01,23,292.98,2
968,2,His,2023-08-10,15,413.6,23
969,8,Fish,2023-08-17,1,67.04,28
970,2,Result,2023-07-28,1,262.53,26
971,3,Hear,2023-08-01,28,125.84,2
972,7,Result,2023-07-22,25,295.21,30
973,10,Window,2023-01-21,34,258.21,27
974,5,Hear,2023-11-07,49,409.22,6
975,10,Result,2023-06-27,6,46.95,20
976,7,Important,2023-07-29,46,232.83,27
977,7,Fish,2023-09-17,38,200.79,11
978,6,Window,2023-07-11,15,90.95,19
979,1,Important,2023-12-08,20,89.11,8
980,7,Identify,2023-01-30,19,332.32,19
981,10,Window,2023-05-05,14,399.23,12
982,7,Its,2023-10-04,14,260.75,18
983,9,Its,2023-10-24,35,226.74,17
984,2,Result,2023-06-15,46,332.96,28
985,3,Important,2023-02-06,31,437.13,25
986,7,His,2023-05-25,29,360.01,16
987,6,Hear,2023-03-29,18,175.8,22
988,7,Important,2023-02-01,39,226.55,2
989,7,News,2023-04-24,10,163.75,23
990,8,Result,2023-09-19,40,45.0,25
991,10,Hear,2023-06-05,22,71.23,27
992,10,Its,2023-07-29,27,414.59,11
993,9,Window,2023-01-28,30,324.55,3
994,8,Hear,2023-12-24,12,239.34,1
995,5,Hear,2023-03-22,25,442.65,22
996,9,Identify,2023-12-01,9,433.66,20
997,6,Window,2023-11-07,45,115.76,15
998,4,Identify,2023-08-03,34,497.82,10
999,9,Identify,2023-12-04,27,121.88,7
1000,7,Identify,2023-05-02,18,159.64,21
1001,2,Its,2023-06-18,20,170.94,15
1002,10,Its,2023-08-10,30,331.02,25
1003,2,Result,2023-01-18,30,26.87,15
1004,9,Identify,2023-03-09,48,72.92,30
1005,10,Fish,2023-07-07,45,424.35,13
1006,7,Identify,2023-01-31,2,47.26,17
1007,4,His,2023-12-27,34,45.93,4
1008,3,Important,2023-08-24,31,356.48,27
1009,10,Result,2023-05-16,36,340.89,2
1010,9,Important,2023-10-11,39,199.49,21
1011,7,News,2023-02-11,48,494.4,27
1012,8,News,2023-05-19,12,455.06,19
1013,8,Important,2023-12-18,32,308.04,21
1014,7,His,2023-05-22,24,253.21,28
1015,6,Result,2023-02-26,26,58.57,16
1016,5,Its,2023-03-16,14,192.18,6
1017,10,Its,2023-07-10,31,391.05,25
1018,9,Important,2023-03-20,25,373.86,10
1019,5,His,2023-06-18,19,61.13,26
1020,8,Important,2023-02-25,24,465.3,9
1021,8,Hear,2023-04-17,29,105.83,19
1022,7,Identify,2023-12-04,40,61.02,1
1023,8,Result,2023-02-01,8,360.09,3
1024,7,Window,2023-01-02,41,59.4,25
1025,10,News,2023-10-25,23,343.27,25
1026,6,News,2023-04-16,44,317.31,30
1027,3,Identify,2023-11-04,25,60.86,15
1028,3,His,2023-05-23,17,397.88,25
1029,10,Hear,2023-01-10,15,355.88,25
1030,7,Its,2023-04-07,45,196.6,21
1031,6,Its,2023-12-09,33,392.43,3
1032,7,Fish,2023-01-22,8,147.82,27
1033,10,Window,2023-07-21,40,457.94,18
1034,9,Hear,2023-05-25,17,72.49,22
1035,8,Its,2023-08-14,33,256.1,12
1036,7,News,2023-12-26,19,364.59,4
1037,10,His,2023-10-20,49,491.05,14
1038,8,Window,2023-08-15,14,445.89,29
1039,1,Floor,2023-01-01,28,413.82,25
1040,3,Identify,2023-02-05,24,196.39,19
1041,7,Important,2023-03-21,39,10.75,22
1042,10,His,2023-08-30,12,140.13,13
1043,10,Floor,2023-10-01,46,460.18,29
1044,1,Identify,2023-05-02,21,132.94,20
1045,1,Result,2023-01-05,32,438.03,11
1046,7,Result,2023-04-24,41,453.15,23
1047,8,Floor,2023-01-30,30,269.4,8
1048,7,Identify,2023-02-12,11,142.9,22
1049,2,News,2023-06-29,9,23.3,8
1050,10,His,2023-07-12,6,482.69,6
1051,2,Hear,2023-12-09,27,302.72,7
1052,9,Important,2023-01-20,49,63.54,18
1053,1,Important,2023-12-12,42,392.9,9
1054,8,Window,2023-01-23,40,373.85,27
1055,5,Important,2023-02-20,27,347.42,4
1056,1,Result,2023-09-21,23,69.67,7
1057,5,Hear,2023-04-15,30,246.36,3
1058,6,News,2023-06-02,15,421.6,12
1059,7,Window,2023-02-19,36,470.44,4
1060,3,His,2023-02-23,21,111.37,17
1061,4,Window,2023-10-31,17,245.17,24
1062,5,Window,2023-03-20,30,338.7,28
1063,3,Result,2023-04-08,35,269.99,1
1064,4,Hear,2023-05-09,43,430.61,2
1065,2,Window,2023-02-27,43,10.89,30
1066,6,Floor,2023-08-23,34,398.83,5
1067,3,Result,2023-11-04,17,497.39,19
1068,2,Floor,2023-04-04,8,492.03,1
1069,5,News,2023-07-30,46,231.47,10
1070,6,Identify,2023-09-07,24,155.4,8
1071,9,Important,2023-12-03,47,403.35,26
1072,3,News,2023-10-04,36,105.19,26
1073,10,Its,2023-07-20,43,336.01,26
1074,1,Identify,2023-11-18,37,129.28,9
1075,7,Floor,2023-07-15,37,311.91,25
1076,5,Hear,2023-09-25,38,302.49,5
1077,3,Window,2023-11-28,35,83.09,23
1078,7,News,2023-11-25,4,438.38,22
1079,7,Important,2023-09-08,36,358.58,26
1080,5,Important,2023-10-08,43,278.96,29
1081,6,Result,2023-02-08,10,115.95,20
1082,6,Window,2023-01-20,35,278.86,16
1083,10,His,2023-03-28,29,49.09,6
1084,6,Its,2023-02-04,31,178.38,5
1085,7,Fish,2023-02-19,12,270.93,28
1086,10,Identify,2023-11-04,28,158.42,17
1087,10,Its,2023-05-25,46,41.7,22
1088,10,News,2023-01-20,16,194.49,13
1089,1,Window,2023-03-21,37,26.47,27
1090,1,Result,2023-12-20,44,272.49,14
1091,10,Its,2023-10-02,48,467.84,27
1092,6,Window,2023-04-06,31,79.11,24
1093,3,Window,2023-01-19,7,335.86,7
1094,2,Its,2023-10-24,40,104.98,20
1095,2,Floor,2023-03-21,44,349.81,9
1096,4,Fish,2023-08-06,49,184.66,24
1097,6,Fish,2023-02-14,9,16.48,14
1098,2,His,2023-08-06,27,405.34,19
1099,7,News,2023-01-03,3,379.56,13
1100,1,His,2023-06-02,30,139.41,20
1101,10,Window,2023-04-14,43,32.57,3
1102,7,Window,2023-04-12,4,68.86,8
1103,2,Fish,2023-06-11,41,179.09,1
1104,6,His,2023-02-04,42,458.87,17
1105,5,Fish,2023-07-01,29,420.27,27
1106,7,Its,2023-02-18,42,204.27,4
1107,5,Window,2023-08-21,30,313.29,28
1108,6,Window,2023-07-15,46,70.68,5
1109,8,Fish,2023-08-13,26,428.47,7
1110,2,Its,2023-12-16,11,124.64,18
1111,9,His,2023-01-26,46,99.73,28
1112,6,Result,2023-12-21,35,343.72,28
1113,3,Hear,2023-03-23,35,411.05,25
1114,8,Floor,2023-10-04,12,378.67,6
1115,1,Window,2023-04-09,27,210.04,9
1116,1,Result,2023-02-02,11,196.7,16
1117,1,Window,2023-03-17,27,382.26,2
1118,4,Hear,2023-11-25,18,139.0,18
1119,6,Floor,2023-12-19,18,345.82,22
1120,9,Hear,2023-06-07,24,415.7,24
1121,3,Important,2023-07-03,6,169.49,1
1122,7,News,2023-03-03,3,480.29,26
1123,9,Result,2023-09-17,18,35.71,22
1124,2,Fish,2023-06-16,14,92.55,1
1125,10,Window,2023-11-28,3,4.14,9
1126,7,Result,2023-04-21,30,401.23,8
1127,1,News,2023-02-03,3,17.25,25
1128,2,Hear,2023-03-01,19,5.81,29
1129,9,Identify,2023-08-04,33,359.7,6
1130,6,Result,2023-02-02,48,45.14,15
1131,2,Important,2023-05-06,32,438.39,15
1132,6,Window,2023-07-18,8,390.2,4
1133,9,Identify,2023-12-01,4,265.17,6
1134,8,Floor,2023-04-24,41,490.21,1
1135,8,Important,2023-01-31,49,422.06,2
1136,9,Important,2023-08-20,39,199.48,20
1137,1,Fish,2023-08-26,6,437.83,28
1138,1,Floor,2023-08-01,18,267.52,25
1139,2,News,2023-10-27,9,403.98,16
1140,5,Floor,2023-01-24,8,356.63,11
1141,4,Its,2023-12-11,31,410.69,21
1142,6,Window,2023-01-28,38,453.38,10
1143,9,Floor,2023-06-05,7,209.56,30
1144,8,Identify,2023-08-08,39,236.34,10
1145,4,Important,2023-08-24,18,177.25,13
1146,7,Important,2023-03-01,28,167.46,27
1147,10,Identify,2023-12-24,25,478.53,17
1148,5,Result,2023-08-21,44,371.42,27
1149,6,Important,2023-04-04,42,257.47,13
1150,6,Hear,2023-07-15,38,63.13,28
1151,1,Important,2023-01-31,19,322.0,8
1152,10,Window,2023-07-01,27,87.57,30
1153,8,Important,2023-03-19,8,41.92,9
1154,7,Identify,2023-02-02,4,258.92,10
1155,4,Hear,2023-01-15,2,331.02,27
1156,8,Fish,2023-06-01,42,84.5,25
1157,3,News,2023-02-07,1,185.99,20
1158,5,Hear,2023-05-11,37,399.82,25
1159,8,Floor,2023-03-15,27,358.84,15
1160,6,News,2023-02-26,20,456.94,25
1161,5,Important,2023-05-01,34,149.09,26
1162,10,Hear,2023-10-02,46,241.34,30
1163,10,Window,2023-02-13,29,499.55,13
1164,8,Hear,2023-07-31,24,139.61,15
1165,7,Floor,2023-04-20,48,125.79,25
1166,4,Window,2023-01-07,46,104.87,8
1167,5,Its,2023-06-21,23,308.19,22
1168,3,Hear,2023-02-17,24,45.78,28
1169,10,Result,2023-05-26,5,57.54,27
1170,4,Hear,2023-11-28,7,419.06,16
1171,8,Fish,2023-06-05,49,211.57,5
1172,9,Its,2023-08-25,43,9.54,4
1173,6,Fish,2023-03-27,12,340.25,3
1174,6,His,2023-02-25,28,26.45,13
1175,1,Identify,2023-07-11,3,397.69,16
1176,7,Floor,2023-01-31,16,415.8,15
1177,6,His,2023-04-17,27,119.87,15
1178,8,Its,2023-07-13,7,328.7,16
1179,5,Window,2023-02-22,43,47.81,17
1180,4,Fish,2023-05-07,17,408.89,6
1181,8,News,2023-08-14,13,105.24,9
1182,7,Fish,2023-06-28,34,23.85,26
1183,3,Its,2023-07-30,31,48.09,8
1184,3,Floor,2023-01-07,9,399.99,9
1185,1,News,2023-03-18,48,118.06,15
1186,3,Hear,2023-07-31,29,175.81,15
1187,5,Result,2023-10-28,7,45.16,24
1188,4,Fish,2023-10-07,29,56.58,4
1189,6,News,2023-10-15,46,141.15,25
1190,1,Hear,2023-12-03,23,455.25,15
1191,6,Floor,2023-11-02,18,164.42,17
1192,6,His,2023-07-22,2,386.39,10
1193,4,Its,2023-04-03,43,485.85,12
1194,9,His,2023-08-19,2,84.89,17
1195,6,News,2023-03-17,11,77.31,11
1196,8,Important,2023-05-01,22,432.03,4
1197,10,Important,2023-07-20,12,242.88,16
1198,6,News,2023-01-15,9,417.35,25
1199,8,Important,2023-03-29,9,319.98,15
1200,10,His,2023-01-26,8,252.76,28
1201,10,Window,2023-11-09,50,299.42,25
1202,6,Floor,2023-07-18,28,131.03,22
1203,8,Floor,2023-06-25,50,448.63,5
1204,4,Result,2023-07-29,36,113.99,25
1205,8,Window,2023-04-01,38,97.94,23
1206,2,His,2023-11-14,42,164.43,14
1207,4,Identify,2023-08-15,29,329.12,11
1208,8,News,2023-05-05,30,348.09,30
1209,1,Floor,2023-05-20,4,412.18,3
1210,7,Floor,2023-06-19,39,114.86,2
1211,3,Floor,2023-01-04,24,465.69,3
1212,6,Fish,2023-10-30,50,376.83,12
1213,8,Its,2023-10-02,31,366.81,22
1214,5,Its,2023-06-11,44,419.04,27
1215,4,Result,2023-11-23,8,50.83,21
1216,10,News,2023-09-27,39,451.63,19
1217,8,Floor,2023-06-29,24,165.39,1
1218,5,Hear,2023-10-10,21,231.99,19
1219,10,His,2023-08-06,4,177.16,14
1220,2,News,2023-03-05,25,266.54,21
1221,1,Hear,2023-12-23,50,51.84,21
1222,7,Identify,2023-05-21,28,128.34,28
1223,5,Fish,2023-03-17,14,415.92,25
1224,2,Identify,2023-07-20,27,281.62,12
1225,6,His,2023-09-08,3,442.3,16
1226,10,News,2023-11-08,26,192.99,26
1227,9,Result,2023-08-17,46,343.58,23
1228,1,His,2023-02-07,27,83.22,26
1229,2,Identify,2023-07-05,19,465.92,3
1230,9,His,2023-10-09,8,208.98,6
1231,9,Hear,2023-01-23,8,420.94,10
1232,7,Identify,2023-09-23,35,244.64,13
1233,1,Important,2023-06-14,27,46.54,9
1234,4,Identify,2023-09-04,33,436.64,14
1235,1,Floor,2023-08-01,29,463.77,23
1236,5,Identify,2023-01-25,2,252.22,14
1237,9,Identify,2023-02-14,50,124.19,12
1238,8,Floor,2023-03-09,50,122.38,13
1239,1,Important,2023-02-08,29,41.65,15
1240,7,Result,2023-03-11,33,441.82,6
1241,5,Result,2023-10-15,50,334.21,12
1242,2,Identify,2023-01-23,31,274.9,1
1243,5,His,2023-09-14,34,400.46,12
1244,2,Result,2023-06-21,1,221.0,24
1245,5,Its,2023-06-28,39,489.64,7
1246,9,Hear,2023-09-12,7,189.87,24
1247,5,Floor,2023-04-13,49,178.76,17
1248,9,Important,2023-08-11,5,298.55,23
1249,4,Identify,2023-01-07,21,68.95,2
1250,1,Hear,2023-07-17,28,276.33,22
1251,10,Window,2023-04-10,20,35.83,9
1252,10,Identify,2023-12-04,39,155.92,20
1253,5,Hear,2023-10-01,5,103.48,29
1254,10,His,2023-04-11,40,328.19,4
1255,2,News,2023-02-04,4,394.64,23
1256,3,Hear,2023-04-22,40,370.37,28
1257,3,Window,2023-04-09,15,445.79,28
1258,4,News,2023-12-03,29,440.58,11
1259,4,Hear,2023-09-06,23,326.5,17
1260,10,His,2023-05-27,19,45.42,6
1261,4,Floor,2023-06-14,27,223.28,4
1262,4,Window,2023-09-16,27,135.31,1
1263,6,Identify,2023-06-12,48,459.42,6
1264,1,Window,2023-02-12,39,53.23,19
1265,4,Identify,2023-03-31,23,271.73,12
1266,5,Hear,2023-06-04,34,40.51,2
1267,9,Hear,2023-02-17,15,484.99,6
1268,10,Result,2023-02-02,2,186.58,10
1269,6,Its,2023-11-20,37,373.62,30
1270,9,Fish,2023-10-12,29,178.39,6
1271,2,Its,2023-05-04,31,141.34,21
1272,1,Result,2023-02-28,12,83.27,8
1273,8,Identify,2023-08-30,34,169.49,4
1274,3,Important,2023-09-19,11,159.66,15
1275,2,Identify,2023-12-30,5,351.69,26
1276,2,Identify,2023-02-28,44,80.1,13
1277,2,Fish,2023-09-24,28,438.26,16
1278,7,Identify,2023-12-03,27,165.83,1
1279,8,Result,2023-04-24,16,67.73,4
1280,4,News,2023-10-23,7,312.9,2
1281,10,Window,2023-01-06,23,409.88,13
1282,5,Floor,2023-03-15,13,261.63,22
1283,2,News,2023-01-28,45,301.78,7
1284,8,News,2023-07-15,16,214.63,17
1285,4,Its,2023-05-14,23,378.55,7
1286,3,Hear,2023-12-07,8,206.4,22
1287,2,Floor,2023-03-23,47,473.2,8
1288,3,Floor,2023-04-23,9,133.83,5
1289,2,Its,2023-05-04,33,55.21,16
1290,5,Floor,2023-07-12,31,190.67,30
1291,8,His,2023-06-02,41,138.44,1
1292,2,News,2023-09-29,22,468.55,2
1293,3,Identify,2023-12-01,4,429.26,25
1294,2,Important,2023-10-11,40,143.86,12
1295,1,Identify,2023-02-23,28,398.34,27
1296,1,Floor,2023-02-02,22,283.92,11
1297,5,Identify,2023-06-21,46,319.45,7
1298,9,Window,2023-01-19,17,295.39,3
1299,9,Fish,2023-04-07,13,124.04,14
1300,1,Floor,2023-07-07,49,378.94,25
1301,6,News,2023-12-22,34,116.76,21
1302,9,Its,2023-11-12,14,50.55,22
1303,5,Important,2023-10-15,7,92.78,6
1304,9,Floor,2023-11-15,37,17.13,2
1305,4,News,2023-06-14,12,117.05,28
1306,6,Its,2023-03-27,22,237.58,28
1307,6,Its,2023-01-17,29,186.82,13
1308,3,Window,2023-08-08,37,446.47,20
1309,6,Identify,2023-10-24,21,31.04,11
1310,5,Hear,2023-01-12,6,139.17,10
1311,6,Fish,2023-12-16,2,383.62,12
1312,1,Result,2023-01-15,22,9.31,21
1313,1,Its,2023-03-10,33,189.59,13
1314,1,Hear,2023-08-06,28,89.56,5
1315,3,Fish,2023-04-21,35,55.91,7
1316,4,Result,2023-07-28,17,452.98,17
1317,2,Result,2023-05-03,4,393.19,18
1318,6,Hear,2023-07-26,1,47.85,24
1319,2,Window,2023-08-08,9,399.53,4
1320,9,Result,2023-05-29,5,358.33,16
1321,6,Important,2023-11-16,30,451.06,10
1322,5,Fish,2023-10-11,22,254.84,17
1323,9,Its,2023-03-19,45,442.44,1
1324,3,Important,2023-06-24,22,223.36,24
1325,4,News,2023-05-29,32,252.19,7
1326,8,Floor,2023-07-25,33,122.6,27
1327,3,Window,2023-03-16,20,461.03,6
1328,7,His,2023-04-18,20,499.97,4
1329,2,Hear,2023-07-26,10,275.51,8
1330,4,Window,2023-03-30,6,83.98,15
1331,2,Identify,2023-12-06,9,195.32,5
1332,4,Hear,2023-05-27,31,105.17,2
1333,5,Important,2023-02-07,35,368.63,18
1334,4,Hear,2023-10-21,49,91.23,1
1335,10,Window,2023-01-25,44,134.62,16
1336,7,Its,2023-07-11,16,338.33,9
1337,8,His,2023-09-27,37,26.54,17
1338,1,Important,2023-03-19,50,422.72,22
1339,3,Its,2023-09-25,31,324.7,27
1340,4,Fish,2023-06-13,41,4.74,22
1341,10,Hear,2023-11-09,33,327.6,19
1342,9,Hear,2023-11-03,29,71.94,24
1343,9,Result,2023-03-01,50,354.95,12
1344,9,Important,2023-12-28,23,306.91,25
1345,10,Its,2023-10-18,25,206.37,25
1346,3,Its,2023-12-20,5,456.73,10
1347,4,News,2023-06-04,49,47.6,19
1348,7,Window,2023-04-13,20,39.53,30
1349,7,Fish,2023-09-20,18,286.89,26
1350,5,Fish,2023-09-12,31,119.33,16
1351,2,Hear,2023-06-21,17,417.86,20
1352,9,News,2023-09-16,36,461.15,2
1353,3,Hear,2023-12-02,4,127.22,1
1354,9,Floor,2023-08-12,11,4.55,13
1355,8,News,2023-12-31,29,497.21,27
1356,6,Identify,2023-07-24,22,297.63,20
1357,10,Floor,2023-01-30,3,395.18,6
1358,5,Result,2023-03-07,37,422.82,17
1359,4,News,2023-11-17,17,442.03,12
1360,7,Its,2023-07-04,11,326.37,19
1361,2,Floor,2023-09-14,26,413.19,4
1362,10,Floor,2023-04-12,24,307.36,10
1363,8,Hear,2023-02-18,26,137.6,20
1364,8,Its,2023-10-25,25,258.35,21
1365,3,Fish,2023-01-24,7,168.36,3
1366,1,His,2023-12-01,23,93.43,23
1367,5,Fish,2023-06-11,17,76.71,24
1368,5,His,2023-07-30,46,382.88,24
1369,6,Window,2023-08-18,48,11.95,14
1370,3,His,2023-11-16,34,459.76,11
1371,1,Hear,2023-11-28,19,119.24,12
1372,9,News,2023-12-28,38,4.38,13
1373,2,Identify,2023-05-01,4,80.04,21
1374,4,Floor,2023-12-09,46,450.24,14
1375,10,His,2023-10-17,41,10.1,21
1376,10,Window,2023-10-11,15,365.54,16
1377,3,Result,2023-07-23,12,39.44,8
1378,4,Result,2023-07-02,31,107.8,4
1379,6,Result,2023-06-15,48,92.14,5
1380,1,His,2023-12-10,6,477.97,2
1381,9,Fish,2023-09-17,15,481.12,17
1382,9,Window,2023-03-11,16,50.12,5
1383,9,Identify,2023-02-11,39,8.23,16
1384,5,News,2023-10-11,16,5.45,24
1385,8,Result,2023-10-04,27,9.56,27
1386,4,News,2023-07-06,49,497.4,23
1387,9,Important,2023-10-30,4,127.36,24
1388,7,Fish,2023-07-10,44,456.22,16
1389,4,Window,2023-03-17,9,291.0,19
1390,4,News,2023-07-21,42,466.58,6
1391,4,Identify,2023-02-19,40,82.64,7
1392,5,Hear,2023-05-28,21,218.24,15
1393,6,Its,2023-11-16,1,469.57,15
1394,9,Its,2023-11-28,37,200.05,12
1395,9,Window,2023-06-08,41,310.79,4
1396,9,Hear,2023-09-27,17,496.61,28
1397,3,Identify,2023-04-21,41,60.44,9
1398,3,Its,2023-08-22,32,246.86,11
1399,1,Hear,2023-02-14,1,441.01,16
1400,2,His,2023-03-22,23,173.74,8
1401,4,Hear,2023-09-25,8,416.85,14
1402,8,Fish,2023-01-30,7,161.22,25
1403,10,Result,2023-11-12,5,238.94,22
1404,9,Fish,2023-11-12,47,327.38,3
1405,10,Window,2023-10-18,28,173.03,9
1406,3,Important,2023-06-21,17,482.87,1
1407,10,Result,2023-12-09,12,348.08,24
1408,10,News,2023-03-07,33,271.48,6
1409,4,Fish,2023-12-16,30,356.02,19
1410,5,Window,2023-09-19,29,172.26,15
1411,5,His,2023-12-08,33,156.16,4
1412,6,Fish,2023-11-19,46,460.38,21
1413,9,Window,2023-10-28,7,11.43,8
1414,3,His,2023-04-17,11,390.85,30
1415,3,Floor,2023-01-29,5,344.45,28
1416,8,His,2023-11-11,34,257.21,2
1417,2,Identify,2023-11-24,17,148.24,13
1418,7,His,2023-12-24,39,404.76,13
1419,7,Fish,2023-05-06,12,67.61,2
1420,10,Floor,2023-05-30,50,57.16,25
1421,3,News,2023-01-23,4,460.0,9
1422,8,News,2023-07-11,49,1.22,15
1423,4,His,2023-08-11,29,371.26,17
1424,4,Result,2023-07-26,38,285.02,26
1425,4,Result,2023-07-15,15,291.99,10
1426,9,Identify,2023-10-11,11,175.57,24
1427,1,Result,2023-02-24,11,475.51,6
1428,4,News,2023-04-21,23,194.19,6
1429,3,His,2023-03-09,19,95.16,15
1430,2,Fish,2023-12-13,32,461.33,26
1431,8,Hear,2023-11-29,8,128.49,1
1432,7,News,2023-02-21,9,102.09,28
1433,3,News,2023-04-30,19,31.87,13
1434,9,Result,2023-12-05,44,373.81,21
1435,9,Its,2023-04-20,28,421.8,1
1436,5,Important,2023-11-19,49,169.75,26
1437,2,Fish,2023-06-15,34,68.19,21
1438,5,Result,2023-01-04,37,409.11,26
1439,3,His,2023-02-11,32,171.42,30
1440,4,Important,2023-02-21,23,412.01,4
1441,6,Important,2023-06-19,9,146.18,9
1442,10,News,2023-09-06,48,197.51,12
1443,8,Fish,2023-02-13,34,223.63,12
1444,10,Its,2023-10-07,17,15.78,18
1445,6,Hear,2023-03-16,10,416.29,9
1446,6,Identify,2023-05-14,41,422.88,16
1447,8,Floor,2023-11-06,48,50.7,18
1448,8,Hear,2023-12-01,4,312.68,7
1449,6,News,2023-09-05,46,248.65,26
1450,2,Result,2023-11-24,9,211.21,17
1451,8,Fish,2023-03-05,38,156.09,22
1452,1,Fish,2023-12-08,9,405.28,27
1453,4,Result,2023-11-27,20,137.07,13
1454,6,Identify,2023-05-31,17,432.32,14
1455,5,Result,2023-10-19,45,258.93,1
1456,4,Its,2023-01-22,10,94.93,7
1457,3,Floor,2023-06-17,44,450.05,24
1458,8,Window,2023-07-07,50,374.01,25
1459,2,Identify,2023-03-11,43,316.21,1
1460,6,Fish,2023-02-06,27,38.62,1
1461,6,Fish,2023-09-10,38,352.7,2
1462,5,Floor,2023-12-03,34,161.47,21
1463,7,Its,2023-10-17,9,126.02,30
1464,5,Its,2023-02-26,28,358.48,2
1465,4,News,2023-09-04,27,199.26,1
1466,5,Result,2023-09-06,12,336.49,30
1467,3,Window,2023-07-17,30,6.24,9
1468,4,Important,2023-04-01,15,396.15,5
1469,6,News,2023-02-25,47,467.98,3
1470,7,Identify,2023-09-13,3,351.78,25
1471,8,Floor,2023-11-28,15,263.45,6
1472,6,News,2023-09-17,18,93.08,6
1473,7,Its,2023-01-22,19,476.86,16
1474,8,News,2023-03-18,17,143.36,4
1475,10,News,2023-11-22,10,444.52,6
1476,9,His,2023-07-05,23,340.18,9
1477,2,Important,2023-06-23,23,253.0,18
1478,7,News,2023-09-17,23,392.76,20
1479,3,Its,2023-04-29,33,341.1,22
1480,10,Floor,2023-07-22,17,386.79,28
1481,5,Floor,2023-11-13,1,41.56,18
1482,9,Identify,2023-03-27,39,89.32,2
1483,3,Fish,2023-02-14,47,273.35,14
1484,2,Window,2023-07-27,17,433.74,24
1485,3,Important,2023-10-26,25,497.65,28
1486,3,Result,2023-10-09,43,68.51,11
1487,6,Identify,2023-12-15,10,473.14,28
1488,1,Its,2023-09-22,48,132.62,29
1489,8,Important,2023-11-05,32,97.7,8
1490,8,Floor,2023-09-23,46,179.87,2
1491,10,Important,2023-09-30,8,432.1,6
1492,6,News,2023-12-28,27,43.87,8
1493,8,Fish,2023-10-14,25,96.68,12
1494,6,News,2023-09-07,37,8.18,27
1495,4,News,2023-02-05,29,480.9,29
1496,2,Floor,2023-09-01,27,337.18,26
1497,9,Hear,2023-07-22,46,424.66,14
1498,7,Hear,2023-10-22,21,276.38,14
1499,9,Important,2023-11-13,22,439.74,12
1500,6,Fish,2023-02-23,45,476.47,26
1501,2,News,2023-09-18,30,453.52,4
1502,8,Identify,2023-07-03,50,244.55,14
1503,9,Important,2023-01-15,32,432.62,19
1504,3,Identify,2023-05-16,37,121.48,16
1505,8,Hear,2023-03-17,13,40.1,21
1506,6,Window,2023-10-30,35,212.13,20
1507,3,His,2023-04-14,4,404.4,20
1508,3,News,2023-01-16,24,157.94,24
1509,8,His,2023-11-09,20,495.35,29
1510,4,News,2023-06-15,44,177.27,27
1511,1,Hear,2023-01-31,43,283.11,21
1512,4,Important,2023-05-24,48,424.13,19
1513,8,Hear,2023-11-26,50,370.1,25
1514,2,Hear,2023-05-19,3,137.06,7
1515,5,Its,2023-01-14,4,98.13,9
1516,6,News,2023-02-09,40,12.26,1
1517,5,Window,2023-05-05,4,334.35,21
1518,1,Result,2023-04-12,37,29.61,26
1519,1,Floor,2023-06-28,26,423.42,20
1520,2,Identify,2023-09-23,28,145.95,10
1521,6,Identify,2023-05-02,32,484.23,9
1522,7,Floor,2023-12-15,14,373.69,14
1523,8,His,2023-12-28,50,249.99,2
1524,1,Window,2023-05-10,22,118.42,7
1525,5,Important,2023-01-02,36,381.02,23
1526,9,News,2023-01-03,37,466.0,28
1527,10,Important,2023-04-14,44,455.55,10
1528,2,Fish,2023-01-06,22,153.37,7
1529,2,Floor,2023-12-13,36,426.16,17
1530,6,His,2023-08-12,12,211.73,29
1531,3,Identify,2023-03-15,16,19.35,27
1532,8,His,2023-07-03,28,384.89,24
1533,6,Its,2023-05-12,44,291.72,11
1534,4,News,2023-04-19,32,390.69,20
1535,1,Floor,2023-03-26,1,136.47,9
1536,2,His,2023-12-03,10,371.47,26
1537,3,Hear,2023-09-01,41,407.04,5
1538,6,Window,2023-12-19,18,226.66,10
1539,7,Its,2023-07-31,36,466.7,15
1540,2,Its,2023-02-13,11,309.09,5
1541,3,His,2023-07-26,44,487.86,23
1542,10,News,2023-10-28,35,463.49,4
1543,4,Its,2023-11-23,3,467.58,7
1544,4,Its,2023-10-18,47,49.21,23
1545,6,Window,2023-10-27,13,266.65,30
1546,1,His,2023-05-07,49,375.29,11
1547,9,News,2023-06-13,31,83.7,15
1548,4,Important,2023-03-26,37,287.44,25
1549,10,News,2023-10-07,37,182.83,13
1550,5,Floor,2023-06-04,1,229.27,4
1551,6,His,2023-04-07,13,323.01,19
1552,8,Floor,2023-07-01,1,249.89,25
1553,4,Window,2023-08-11,49,181.13,18
1554,7,Result,2023-12-14,22,262.97,14
1555,7,Window,2023-09-26,48,71.56,9
1556,4,Result,2023-08-26,25,296.4,2
1557,10,His,2023-04-24,24,122.78,8
1558,5,News,2023-07-27,46,91.96,22
1559,7,Its,2023-08-20,25,456.93,8
1560,6,His,2023-11-14,38,153.36,26
1561,6,Identify,2023-05-23,33,56.86,4
1562,9,Important,2023-08-21,5,319.08,19
1563,8,Important,2023-06-19,10,302.37,21
1564,8,Window,2023-05-17,10,235.93,13
1565,4,Identify,2023-03-16,28,484.06,14
1566,10,Its,2023-03-01,33,170.86,28
1567,3,Its,2023-01-13,18,137.89,26
1568,4,Hear,2023-06-15,44,81.82,22
1569,5,Its,2023-01-15,1,427.78,25
1570,5,His,2023-03-17,36,464.79,24
1571,1,His,2023-10-03,39,456.98,21
1572,8,Identify,2023-02-09,37,125.15,27
1573,7,Important,2023-05-14,23,95.96,24
1574,5,His,2023-02-14,44,228.5,20
1575,10,His,2023-08-04,35,419.25,27
1576,1,His,2023-01-23,6,390.35,25
1577,3,News,2023-11-01,15,242.33,22
1578,4,News,2023-04-26,43,275.71,10
1579,2,News,2023-12-27,3,166.42,12
1580,8,Window,2023-10-28,41,123.71,23
1581,9,Hear,2023-06-01,25,356.5,28
1582,3,Identify,2023-06-30,37,322.5,13
1583,10,Identify,2023-04-19,2,398.86,3
1584,3,Identify,2023-02-25,21,158.85,13
1585,6,His,2023-02-12,50,444.2,16
1586,8,Floor,2023-03-19,35,30.34,2
1587,8,Its,2023-08-25,26,60.16,30
1588,2,Identify,2023-06-29,20,258.91,24
1589,10,Fish,2023-12-03,26,410.71,2
1590,10,Floor,2023-01-27,50,49.29,24
1591,7,Result,2023-08-02,47,343.52,21
1592,4,His,2023-05-24,36,293.16,29
1593,4,Hear,2023-09-02,2,30.31,16
1594,10,Important,2023-06-08,46,269.61,26
1595,5,Floor,2023-03-05,29,51.9,26
1596,6,Floor,2023-04-24,44,454.95,6
1597,5,Floor,2023-05-08,31,483.7,20
1598,6,Important,2023-11-16,2,54.64,21
1599,9,Identify,2023-09-11,28,109.55,5
1600,9,Hear,2023-10-18,7,360.53,14
1601,4,Floor,2023-08-09,36,98.77,8
1602,3,Important,2023-06-20,21,62.95,16
1603,8,Identify,2023-03-21,42,409.91,27
1604,7,Window,2023-05-25,9,137.88,18
1605,4,Result,2023-11-29,46,395.86,28
1606,1,Its,2023-04-03,41,277.95,19
1607,4,Floor,2023-03-08,33,428.06,16
1608,8,Its,2023-07-25,20,11.78,6
1609,7,Result,2023-09-21,47,435.54,4
1610,7,His,2023-12-07,27,36.05,5
1611,9,Result,2023-07-30,26,154.3,11
1612,8,Result,2023-08-20,9,126.82,5
1613,10,Fish,2023-04-19,26,264.36,19
1614,3,Result,2023-10-30,39,253.01,1
1615,10,Important,2023-05-26,2,199.22,8
1616,1,Result,2023-07-10,11,493.51,26
1617,10,Its,2023-09-14,28,171.06,28
1618,2,Its,2023-11-19,1,101.71,26
1619,5,Important,2023-11-17,1,471.32,4
1620,2,Result,2023-02-02,25,57.12,14
1621,9,Floor,2023-10-11,19,404.93,10
1622,8,Important,2023-06-09,2,263.71,2
1623,7,Floor,2023-08-23,36,420.52,13
1624,3,Fish,2023-11-21,5,444.95,25
1625,3,Result,2023-02-05,49,231.6,5
1626,4,Hear,2023-04-13,12,449.75,16
1627,1,Its,2023-09-10,47,499.14,22
1628,8,Its,2023-09-14,4,133.92,24
1629,3,Floor,2023-06-27,45,464.54,21
1630,9,Result,2023-01-27,29,127.31,14
1631,10,News,2023-01-31,49,70.26,22
1632,6,Its,2023-03-09,4,433.39,20
1633,7,Its,2023-01-13,50,123.44,10
1634,3,Important,2023-07-26,16,457.46,18
1635,8,Important,2023-12-11,25,475.15,22
1636,2,Its,2023-01-16,43,332.77,17
1637,3,Its,2023-04-11,15,58.52,2
1638,4,Result,2023-08-25,5,246.57,15
1639,4,Result,2023-09-15,47,6.37,30
1640,3,Hear,2023-03-21,38,456.48,18
1641,3,Fish,2023-09-03,31,345.8,24
1642,2,Identify,2023-02-08,8,67.03,16
1643,1,Result,2023-09-21,19,218.02,30
1644,8,Its,2023-03-15,34,254.74,26
1645,2,Identify,2023-03-12,8,299.57,2
1646,2,Hear,2023-12-28,38,213.75,23
1647,10,Fish,2023-04-28,30,498.86,7
1648,5,Hear,2023-01-25,15,418.99,16
1649,4,Result,2023-11-22,17,191.33,6
1650,4,Floor,2023-04-17,4,207.77,20
1651,9,News,2023-10-23,17,87.52,5
1652,10,His,2023-02-07,18,14.11,26
1653,7,Floor,2023-04-23,30,459.0,5
1654,10,Hear,2023-01-15,43,366.8,18
1655,5,Result,2023-02-03,38,445.62,5
1656,5,Window,2023-04-20,32,232.16,19
1657,2,Hear,2023-12-16,28,302.85,22
1658,8,Window,2023-03-09,33,63.88,26
1659,3,News,2023-03-06,10,243.87,30
1660,2,His,2023-11-06,23,475.3,26
1661,6,Important,2023-09-04,5,486.27,25
1662,8,News,2023-07-23,24,60.89,6
1663,2,Its,2023-01-19,11,397.62,1
1664,7,Window,2023-07-09,38,250.31,28
1665,9,Result,2023-03-24,9,316.67,6
1666,6,News,2023-11-05,28,71.17,15
1667,7,His,2023-01-20,32,114.82,22
1668,4,Identify,2023-07-08,31,188.31,22
1669,7,Window,2023-06-17,15,114.23,1
1670,6,Window,2023-10-23,17,43.82,2
1671,3,Hear,2023-08-22,1,448.25,9
1672,4,Its,2023-12-27,36,27.73,20
1673,8,News,2023-07-15,29,118.15,12
1674,8,Important,2023-09-23,18,247.51,14
1675,9,Floor,2023-12-08,48,171.32,10
1676,3,Floor,2023-07-26,26,313.75,25
1677,9,News,2023-06-09,40,164.17,24
1678,6,Fish,2023-12-09,7,226.59,7
1679,2,His,2023-09-08,43,100.28,19
1680,3,His,2023-10-28,17,340.7,8
1681,1,News,2023-09-14,15,152.92,12
1682,2,Hear,2023-06-06,31,403.93,7
1683,10,News,2023-04-04,9,393.24,19
1684,4,Result,2023-10-09,50,54.53,11
1685,7,News,2023-08-21,48,215.5,28
1686,7,His,2023-05-23,45,446.11,19
1687,7,Identify,2023-05-17,33,366.64,15
1688,7,Fish,2023-08-10,14,401.75,5
1689,3,Result,2023-07-10,50,271.96,17
1690,9,Hear,2023-02-26,40,11.6,9
1691,6,Floor,2023-05-08,15,390.34,25
1692,1,Floor,2023-01-13,15,476.63,20
1693,1,Floor,2023-08-05,44,145.86,2
1694,6,News,2023-07-20,42,419.15,20
1695,7,Result,2023-03-03,3,475.81,5
1696,4,Floor,2023-12-18,40,417.16,19
1697,3,His,2023-09-13,46,180.38,7
1698,2,Important,2023-11-21,8,66.42,3
1699,2,Its,2023-08-06,40,337.92,1
1700,8,Identify,2023-02-21,39,141.94,20
1701,9,Its,2023-06-05,21,22.43,17
1702,3,Its,2023-06-16,42,142.66,11
1703,6,Identify,2023-05-21,37,85.4,10
1704,3,Result,2023-03-23,30,443.87,1
1705,5,Window,2023-09-05,42,294.88,6
1706,1,News,2023-09-20,40,309.69,6
1707,3,Fish,2023-02-11,29,328.33,28
1708,9,His,2023-08-06,41,415.81,29
1709,10,Result,2023-09-05,11,145.81,24
1710,8,Window,2023-01-30,48,475.7,28
1711,4,Fish,2023-07-13,26,122.54,25
1712,6,Floor,2023-01-11,19,447.78,25
1713,7,His,2023-11-04,40,412.4,21
1714,10,Identify,2023-11-24,11,168.47,5
1715,7,Window,2023-04-30,40,140.76,6
1716,1,News,2023-02-20,32,319.75,19
1717,6,Fish,2023-04-07,31,373.42,1
1718,6,Window,2023-06-01,50,437.62,28
1719,8,Hear,2023-09-15,16,17.93,21
1720,1,Its,2023-04-18,19,133.92,30
1721,6,Important,2023-11-19,48,18.98,7
1722,9,Hear,2023-12-22,33,337.27,28
1723,2,News,2023-10-31,31,482.26,23
1724,3,Important,2023-01-14,18,363.19,16
1725,5,Identify,2023-07-20,18,130.39,11
1726,7,Its,2023-03-07,44,65.04,3
1727,6,Important,2023-07-30,23,174.01,15
1728,10,Identify,2023-03-01,43,85.59,12
1729,5,Window,2023-05-09,2,348.37,23
1730,3,Floor,2023-02-10,45,476.64,14
1731,3,Floor,2023-06-08,18,63.9,7
1732,2,Result,2023-10-16,4,366.2,30
1733,1,Hear,2023-12-22,39,418.77,25
1734,1,News,2023-11-30,19,141.07,11
1735,4,Important,2023-02-19,15,1.73,22
1736,7,News,2023-10-14,49,188.06,4
1737,5,Identify,2023-08-31,38,461.31,6
1738,3,Floor,2023-12-13,36,93.56,11
1739,3,News,2023-04-20,39,33.54,4
1740,9,News,2023-03-30,31,424.88,26
1741,10,Hear,2023-10-11,9,492.59,17
1742,9,Window,2023-09-18,7,90.08,3
1743,7,Floor,2023-04-26,34,297.93,26
1744,10,Important,2023-08-25,21,352.48,1
1745,10,Fish,2023-05-09,43,496.81,29
1746,5,Window,2023-02-07,15,90.9,13
1747,8,News,2023-06-07,27,28.1,27
1748,2,Floor,2023-10-21,43,386.29,6
1749,5,News,2023-01-30,8,84.03,22
1750,5,Floor,2023-06-18,8,224.93,22
1751,4,Window,2023-12-02,38,337.15,13
1752,3,Identify,2023-08-22,50,273.14,18
1753,8,News,2023-09-01,4,241.05,29
1754,2,Result,2023-11-29,5,240.6,5
1755,4,Floor,2023-10-03,29,212.09,27
1756,1,Identify,2023-06-20,9,382.64,3
1757,5,Window,2023-05-29,30,276.91,24
1758,6,Its,2023-05-20,42,191.47,4
1759,6,Important,2023-07-10,50,377.27,16
1760,4,Floor,2023-09-18,29,363.82,4
1761,8,Identify,2023-09-27,43,149.56,11
1762,1,Its,2023-06-12,3,407.07,28
1763,4,Fish,2023-08-15,27,293.0,3
1764,10,Floor,2023-04-25,3,105.84,29
1765,8,Floor,2023-03-02,10,152.62,22
1766,5,Result,2023-07-27,15,363.96,5
1767,7,Result,2023-03-20,4,303.5,15
1768,10,Important,2023-08-21,10,120.16,19
1769,9,His,2023-07-28,48,293.08,29
1770,2,His,2023-10-07,18,400.4,18
1771,8,Its,2023-08-14,3,235.45,5
1772,9,Important,2023-05-06,30,465.73,22
1773,9,Its,2023-11-08,15,327.82,28
1774,5,Hear,2023-12-09,22,386.33,10
1775,9,Window,2023-11-20,33,443.33,10
1776,4,Fish,2023-02-21,47,57.29,15
1777,2,Identify,2023-11-13,20,79.3,23
1778,7,Hear,2023-05-25,5,252.74,20
1779,4,Important,2023-04-23,3,35.85,29
1780,6,Fish,2023-05-10,20,399.64,9
1781,2,Fish,2023-02-21,39,92.28,15
1782,2,Its,2023-02-26,12,222.55,6
1783,4,Its,2023-09-16,47,253.31,21
1784,2,Result,2023-01-20,20,342.81,12
1785,2,Fish,2023-12-01,20,458.26,6
1786,5,Its,2023-11-02,38,441.54,30
1787,4,Floor,2023-05-04,12,498.38,25
1788,1,Floor,2023-10-22,32,146.55,28
1789,5,Window,2023-06-30,12,6.0,13
1790,5,Fish,2023-01-12,11,95.33,7
1791,8,Fish,2023-07-03,10,213.06,23
1792,7,Result,2023-06-03,31,8.52,12
1793,9,Result,2023-01-21,49,350.98,19
1794,7,Result,2023-12-06,10,157.03,6
1795,4,Hear,2023-02-23,50,87.68,4
1796,2,News,2023-11-09,28,22.24,2
1797,6,News,2023-09-12,33,316.71,11
1798,6,Important,2023-04-20,21,267.42,19
1799,5,Window,2023-07-06,8,326.81,21
1800,8,Result,2023-01-20,22,14.28,5
1801,5,Result,2023-07-21,12,477.4,16
1802,9,Floor,2023-04-17,35,499.37,19
1803,9,Identify,2023-08-09,34,314.57,12
1804,10,Result,2023-07-14,4,444.8,6
1805,6,Floor,2023-05-24,35,366.57,7
1806,3,News,2023-10-06,8,332.93,3
1807,3,Its,2023-09-14,20,231.11,2
1808,3,Hear,2023-07-01,10,293.76,6
1809,5,Important,2023-11-04,24,335.79,20
1810,6,Its,2023-10-06,9,422.73,9
1811,4,Its,2023-12-13,15,150.64,22
1812,3,Window,2023-03-04,47,201.17,20
1813,2,News,2023-12-25,40,291.07,29
1814,3,Result,2023-07-23,13,298.44,6
1815,10,Its,2023-11-02,3,161.52,21
1816,8,Result,2023-07-13,46,30.19,13
1817,6,Important,2023-01-17,6,429.49,5
1818,7,Important,2023-07-05,38,205.21,28
1819,4,News,2023-05-28,40,414.58,17
1820,8,Result,2023-07-02,37,301.42,30
1821,3,Window,2023-04-29,18,149.66,12
1822,8,News,2023-10-21,24,305.08,5
1823,6,Result,2023-06-11,27,208.18,7
1824,2,Result,2023-10-09,19,216.05,29
1825,8,Result,2023-12-05,46,434.79,13
1826,2,Floor,2023-04-03,22,346.71,13
1827,1,Identify,2023-10-02,49,237.42,5
1828,5,Hear,2023-01-04,48,11.22,20
1829,8,Window,2023-06-16,8,359.09,12
1830,1,Result,2023-04-26,32,67.42,14
1831,8,Its,2023-03-29,43,33.96,22
1832,5,News,2023-05-01,46,57.92,3
1833,3,Window,2023-12-19,33,431.35,12
1834,2,Window,2023-08-19,43,58.35,24
1835,7,Fish,2023-07-15,23,229.58,14
1836,7,Fish,2023-08-28,1,337.14,27
1837,8,Hear,2023-10-09,3,164.49,27
1838,4,Fish,2023-08-21,16,114.6,29
1839,5,Fish,2023-12-27,39,454.7,12
1840,1,Its,2023-02-26,45,210.62,1
1841,10,Important,2023-06-16,38,491.81,4
1842,2,Its,2023-04-27,25,316.43,14
1843,7,Result,2023-06-15,35,343.39,3
1844,4,Identify,2023-05-06,47,302.4,8
1845,1,His,2023-04-27,31,84.04,28
1846,5,Hear,2023-09-20,27,273.53,11
1847,9,Important,2023-01-10,19,479.02,20
1848,3,Floor,2023-12-20,48,2.94,21
1849,2,His,2023-01-22,11,113.93,23
1850,1,News,2023-08-06,44,473.76,28
1851,5,Identify,2023-11-20,24,316.95,4
1852,5,Identify,2023-10-17,8,71.79,7
1853,3,News,2023-12-02,20,14.23,5
1854,9,Result,2023-06-23,22,287.03,12
1855,5,Hear,2023-05-28,40,320.2,7
1856,9,Floor,2023-07-05,19,294.52,20
1857,7,Hear,2023-05-15,43,435.56,19
1858,2,Fish,2023-05-07,46,263.07,1
1859,3,Floor,2023-03-07,4,243.86,22
1860,5,Hear,2023-08-06,25,162.75,1
1861,1,Important,2023-03-10,32,414.54,1
1862,9,Fish,2023-11-05,12,175.39,1
1863,1,Identify,2023-09-15,16,341.93,5
1864,5,News,2023-12-13,10,381.43,10
1865,7,His,2023-11-29,21,258.59,20
1866,9,Important,2023-06-21,45,350.45,26
1867,3,Result,2023-10-27,45,211.64,10
1868,8,Hear,2023-02-27,44,214.72,16
1869,8,Fish,2023-09-20,37,266.97,27
1870,1,Window,2023-08-15,15,4.03,10
1871,6,News,2023-10-03,14,319.26,26
1872,3,Floor,2023-06-18,32,319.79,23
1873,2,His,2023-05-23,41,305.16,11
1874,7,Its,2023-03-25,22,313.03,2
1875,9,Result,2023-10-25,19,26.69,23
1876,2,Fish,2023-06-22,5,16.61,7
1877,5,His,2023-03-13,7,175.79,26
1878,4,Window,2023-05-04,45,496.61,27
1879,7,Its,2023-03-28,44,494.36,18
1880,10,His,2023-02-12,26,75.26,14
1881,8,His,2023-04-26,15,429.31,28
1882,10,Identify,2023-07-25,6,479.88,16
1883,3,Important,2023-02-13,50,326.0,21
1884,8,Window,2023-01-08,5,148.91,17
1885,1,Its,2023-02-10,42,350.67,14
1886,8,Floor,2023-02-02,29,283.31,22
1887,2,News,2023-05-11,17,91.15,21
1888,5,Result,2023-08-14,3,323.85,6
1889,8,Important,2023-03-15,30,185.58,20
1890,8,Window,2023-05-21,27,113.83,26
1891,2,Important,2023-09-22,24,378.15,26
1892,7,Window,2023-05-20,21,476.69,21
1893,4,His,2023-04-17,3,401.87,2
1894,1,His,2023-01-09,28,477.28,2
1895,2,Important,2023-04-01,39,257.58,14
1896,10,Fish,2023-06-23,47,208.29,5
1897,2,Hear,2023-12-24,33,122.94,22
1898,4,Its,2023-12-21,40,301.64,5
1899,6,Hear,2023-03-20,29,312.0,28
1900,8,Important,2023-03-30,14,225.84,16
1901,6,News,2023-05-07,18,176.65,27
1902,8,Important,2023-08-01,9,142.91,13
1903,8,Fish,2023-02-18,44,433.17,17
1904,1,News,2023-08-08,10,111.23,27
1905,7,Hear,2023-12-17,22,321.39,23
1906,10,Floor,2023-07-21,32,29.45,26
1907,2,Window,2023-11-20,22,471.02,3
1908,2,Identify,2023-03-15,8,184.03,9
1909,1,News,2023-02-09,19,379.1,6
1910,7,His,2023-03-10,45,144.79,7
1911,5,Its,2023-10-05,26,72.51,11
1912,2,Floor,2023-08-22,42,47.03,28
1913,7,Its,2023-11-13,48,255.89,24
1914,5,Its,2023-02-24,42,73.61,13
1915,9,Floor,2023-08-24,19,65.0,15
1916,1,Result,2023-05-07,49,170.46,16
1917,5,Floor,2023-11-14,30,269.53,25
1918,1,Fish,2023-12-27,20,315.74,1
1919,2,Floor,2023-03-17,49,58.96,15
1920,7,Floor,2023-09-23,25,450.53,27
1921,4,Result,2023-09-17,14,200.13,11
1922,4,Its,2023-07-12,36,159.68,12
1923,7,Hear,2023-12-20,8,217.71,14
1924,6,Hear,2023-03-07,49,208.98,8
1925,10,Hear,2023-01-03,50,457.25,19
1926,5,Identify,2023-08-17,15,211.06,2
1927,8,News,2023-03-01,29,19.79,15
1928,1,Fish,2023-01-29,7,139.29,2
1929,4,Hear,2023-12-14,15,187.82,19
1930,5,Floor,2023-05-29,22,350.82,4
1931,1,Hear,2023-12-13,20,293.7,17
1932,10,Floor,2023-01-08,29,177.64,28
1933,3,Result,2023-09-06,8,38.57,8
1934,4,His,2023-05-02,24,442.61,8
1935,1,News,2023-08-12,29,383.33,17
1936,7,News,2023-12-03,21,446.9,22
1937,7,Its,2023-02-28,43,206.17,14
1938,4,Hear,2023-06-13,9,33.26,17
1939,8,Hear,2023-09-06,43,264.15,10
1940,8,Result,2023-10-04,48,105.64,4
1941,3,Floor,2023-10-21,31,450.16,22
1942,4,His,2023-07-22,38,163.66,15
1943,3,Important,2023-10-18,46,390.85,27
1944,5,Floor,2023-06-12,10,200.94,6
1945,2,Floor,2023-03-06,5,186.9,7
1946,5,Fish,2023-11-21,9,164.74,27
1947,10,Important,2023-09-15,30,381.39,10
1948,3,Fish,2023-11-13,4,93.8,17
1949,2,News,2023-12-07,23,244.16,13
1950,2,Important,2023-05-22,22,285.29,7
1951,7,Its,2023-12-11,18,168.61,27
1952,5,Its,2023-01-05,21,378.99,19
1953,2,News,2023-11-17,15,451.27,2
1954,5,Identify,2023-06-20,14,246.8,17
1955,2,Result,2023-10-01,37,355.11,22
1956,1,Fish,2023-04-17,19,258.84,27
1957,7,Fish,2023-12-20,21,314.78,19
1958,4,Identify,2023-03-25,34,319.55,17
1959,5,Important,2023-12-04,8,471.17,26
1960,4,His,2023-11-17,21,5.08,9
1961,4,Hear,2023-12-17,25,444.39,28
1962,7,Important,2023-10-23,36,499.66,27
1963,4,Important,2023-12-23,43,471.8,12
1964,5,Identify,2023-07-16,25,434.84,21
1965,2,Identify,2023-11-21,35,341.65,29
1966,10,Window,2023-01-11,21,46.89,21
1967,1,Important,2023-03-19,8,106.06,7
1968,4,Important,2023-12-10,34,199.48,22
1969,3,Hear,2023-11-15,50,340.71,18
1970,7,News,2023-01-07,14,358.98,14
1971,6,His,2023-11-05,17,252.2,30
1972,2,Fish,2023-08-24,44,66.65,7
1973,7,Identify,2023-09-20,41,119.96,16
1974,7,Hear,2023-12-15,44,387.84,21
1975,4,News,2023-03-21,44,173.83,28
1976,6,His,2023-03-24,16,38.38,14
1977,2,His,2023-10-02,32,379.66,16
1978,6,Identify,2023-08-10,3,294.33,27
1979,1,His,2023-06-13,41,31.85,15
1980,6,His,2023-02-21,40,282.85,20
1981,1,Identify,2023-12-18,10,458.35,14
1982,1,Floor,2023-12-05,14,205.42,4
1983,5,Window,2023-01-06,20,402.11,10
1984,4,Result,2023-04-14,47,155.03,6
1985,9,Identify,2023-08-10,33,259.95,4
1986,3,Identify,2023-11-29,38,130.97,4
1987,9,Identify,2023-02-15,32,215.92,4
1988,10,Floor,2023-11-15,15,94.92,14
1989,9,Its,2023-10-05,25,397.88,18
1990,8,Hear,2023-04-13,39,310.22,25
1991,9,Floor,2023-01-23,3,149.63,12
1992,10,Hear,2023-05-28,25,415.37,3
1993,3,Identify,2023-10-14,11,359.66,20
1994,2,Window,2023-10-04,20,71.39,2
1995,2,Result,2023-07-25,48,373.59,24
1996,3,Important,2023-09-22,31,88.35,11
1997,2,Hear,2023-01-20,24,402.68,14
1998,5,His,2023-05-10,32,212.78,6
1999,6,Result,2023-02-02,43,419.37,12
2000,5,Floor,2023-01-06,33,93.55,28
2001,10,Result,2023-06-01,30,242.31,30
2002,1,Result,2023-10-06,1,113.83,10
2003,3,Hear,2023-06-08,10,74.62,15
2004,2,His,2023-03-14,38,45.12,17
2005,4,News,2023-12-16,19,410.36,5
2006,6,Identify,2023-04-22,7,341.57,6
2007,9,Its,2023-06-02,3,132.06,17
2008,6,Fish,2023-02-23,46,233.5,20
2009,4,Hear,2023-05-12,21,210.56,28
2010,1,Hear,2023-11-04,21,75.69,15
2011,1,Window,2023-01-29,24,407.12,24
2012,3,Important,2023-11-11,31,340.11,4
2013,9,Fish,2023-07-18,14,46.3,28
2014,4,Fish,2023-05-25,38,275.98,17
2015,10,News,2023-02-10,43,225.91,26
2016,9,Important,2023-08-17,27,54.52,28
2017,5,Floor,2023-08-31,22,450.67,1
2018,9,Floor,2023-11-19,33,460.79,19
2019,3,Floor,2023-02-07,24,476.69,1
2020,10,Hear,2023-08-30,17,26.0,19
2021,8,Hear,2023-04-05,7,107.89,29
2022,8,Floor,2023-05-11,22,94.16,7
2023,7,Identify,2023-03-29,38,213.23,3
2024,3,Identify,2023-07-07,43,10.42,26
2025,1,Result,2023-07-20,4,199.54,15
2026,7,Identify,2023-03-24,4,54.19,6
2027,5,Its,2023-10-29,27,201.52,16
2028,2,Result,2023-01-17,32,182.21,30
2029,2,News,2023-12-11,24,93.78,26
2030,4,Window,2023-10-30,11,326.58,12
2031,8,Its,2023-06-26,15,381.94,16
2032,9,Floor,2023-02-23,8,400.31,10
2033,6,Floor,2023-06-08,34,323.82,2
2034,10,Window,2023-10-31,36,392.25,1
2035,9,Important,2023-03-27,5,491.19,1
2036,9,Floor,2023-01-01,37,15.3,26
2037,2,Result,2023-10-21,12,129.17,2
2038,6,His,2023-05-29,39,222.05,16
2039,6,Floor,2023-11-24,32,332.37,27
2040,1,Window,2023-12-12,12,297.41,7
2041,7,Its,2023-04-20,44,144.5,28
2042,4,Its,2023-05-10,41,390.63,16
2043,8,Important,2023-04-26,14,270.19,2
2044,7,Its,2023-11-27,9,244.28,22
2045,7,Fish,2023-12-02,17,149.39,25
2046,10,Fish,2023-12-29,4,311.29,14
2047,7,Fish,2023-07-20,47,32.55,15
2048,2,Window,2023-11-24,38,50.8,15
2049,5,News,2023-01-19,10,358.15,7
2050,5,Important,2023-07-01,3,17.46,26
2051,7,Window,2023-07-24,43,172.56,6
2052,5,Fish,2023-06-17,43,120.34,6
2053,5,Fish,2023-07-18,44,271.59,16
2054,8,Window,2023-01-17,49,81.96,26
2055,5,Window,2023-05-31,28,214.14,14
2056,5,Its,2023-04-18,6,382.78,17
2057,4,Its,2023-08-19,28,475.45,17
2058,7,Window,2023-10-25,12,157.04,11
2059,3,Result,2023-06-22,34,438.23,1
2060,6,Fish,2023-01-23,27,1.11,23
2061,10,Window,2023-07-26,3,168.79,4
2062,6,News,2023-04-18,27,388.22,13
2063,6,Window,2023-11-06,25,311.59,10
2064,2,Fish,2023-02-28,35,430.41,3
2065,2,Identify,2023-09-06,50,393.49,11
2066,4,Hear,2023-06-10,41,150.32,27
2067,3,News,2023-03-24,37,402.4,14
2068,2,Fish,2023-04-19,39,141.91,24
2069,10,News,2023-01-25,1,192.5,24
2070,8,His,2023-12-08,5,83.16,19
2071,4,Hear,2023-05-06,12,98.17,7
2072,6,Floor,2023-02-08,35,254.13,2
2073,5,Hear,2023-09-06,8,154.13,10
2074,4,Identify,2023-05-19,26,302.0,17
2075,4,Result,2023-05-17,13,22.7,8
2076,7,Result,2023-10-12,2,285.28,8
2077,5,Hear,2023-10-28,49,118.18,18
2078,7,Window,2023-05-24,40,429.65,21
2079,2,Important,2023-10-01,50,456.86,23
2080,3,Floor,2023-11-13,11,20.09,5
2081,3,Fish,2023-01-13,43,398.77,17
2082,1,Its,2023-06-13,25,32.01,15
2083,7,Identify,2023-02-25,30,354.92,26
2084,10,Its,2023-07-18,34,484.74,1
2085,3,Result,2023-05-01,35,188.51,29
2086,8,News,2023-06-26,18,247.73,30
2087,1,Identify,2023-12-26,49,484.01,8
2088,8,Window,2023-11-04,26,209.34,23
2089,10,His,2023-07-22,21,186.22,26
2090,8,Identify,2023-05-09,40,96.45,10
2091,9,Identify,2023-07-26,45,245.27,18
2092,2,Floor,2023-11-13,42,323.49,26
2093,2,Window,2023-03-01,37,244.66,1
2094,8,Important,2023-12-06,12,179.77,13
2095,3,Its,2023-06-03,9,391.22,7
2096,8,Important,2023-10-05,10,171.28,13
2097,6,News,2023-05-25,45,143.71,30
2098,8,Its,2023-12-15,46,367.98,2
2099,2,Identify,2023-03-19,30,289.91,8
2100,6,Window,2023-07-01,5,140.75,2
2101,5,Fish,2023-04-17,6,457.64,27
2102,4,His,2023-06-13,36,406.76,24
2103,6,Window,2023-02-17,5,284.98,21
2104,4,Result,2023-12-15,12,412.28,10
2105,1,Window,2023-02-27,1,238.21,16
2106,6,Important,2023-12-22,48,34.7,10
2107,9,Result,2023-10-15,33,30.1,8
2108,8,Important,2023-10-18,15,283.35,14
2109,3,Result,2023-05-08,20,173.35,1
2110,4,Fish,2023-08-22,48,101.46,15
2111,2,Identify,2023-10-20,18,301.03,18
2112,1,Its,2023-11-26,39,279.08,17
2113,4,Its,2023-06-08,31,103.56,24
2114,6,Window,2023-05-07,20,93.41,15
2115,6,Important,2023-04-10,42,318.35,14
2116,10,Fish,2023-11-25,37,21.26,4
2117,1,Fish,2023-05-29,46,94.8,19
2118,4,His,2023-10-30,19,415.06,2
2119,8,His,2023-04-27,47,99.4,25
2120,2,Window,2023-06-01,3,395.02,25
2121,6,Fish,2023-02-23,15,474.11,10
2122,5,His,2023-09-06,6,268.81,10
2123,8,Result,2023-04-23,41,406.23,26
2124,8,Identify,2023-09-15,1,490.01,15
2125,2,Hear,2023-02-10,17,385.12,21
2126,6,Floor,2023-06-22,18,155.3,18
2127,9,News,2023-07-23,49,371.98,23
2128,7,Fish,2023-10-19,44,49.97,14
2129,10,Its,2023-08-04,11,264.74,26
2130,6,His,2023-12-29,20,151.75,23
2131,4,Window,2023-05-05,48,146.73,21
2132,6,Fish,2023-10-06,43,346.8,30
2133,9,Important,2023-05-20,29,266.47,23
2134,2,Hear,2023-02-26,33,58.41,18
2135,6,Fish,2023-06-30,50,174.5,28
2136,10,Window,2023-12-29,10,69.58,3
2137,2,Identify,2023-12-02,27,334.35,25
2138,7,News,2023-01-03,40,33.64,21
2139,2,News,2023-01-15,25,249.89,14
2140,8,Result,2023-08-21,37,488.32,27
2141,4,Hear,2023-07-14,7,445.71,14
2142,2,Important,2023-08-22,39,112.94,19
2143,6,Important,2023-07-22,4,262.1,7
2144,9,Important,2023-05-10,44,276.72,3
2145,10,Important,2023-04-25,34,487.55,4
2146,3,His,2023-04-07,22,199.23,21
2147,9,News,2023-07-22,7,79.9,6
2148,7,Floor,2023-01-18,4,29.66,20
2149,7,Hear,2023-01-17,49,52.97,27
2150,10,Hear,2023-03-09,3,92.98,13
2151,7,Result,2023-10-20,49,91.56,30
2152,1,Fish,2023-04-05,40,187.32,9
2153,8,His,2023-11-12,25,96.82,13
2154,1,Its,2023-02-21,1,451.93,6
2155,2,Identify,2023-03-12,31,15.36,21
2156,4,Identify,2023-08-26,11,208.08,2
2157,4,Hear,2023-05-28,25,201.22,16
2158,5,Window,2023-04-11,38,45.66,29
2159,7,News,2023-07-15,11,123.35,19
2160,5,Fish,2023-09-28,40,154.17,7
2161,9,Hear,2023-03-17,49,181.1,8
2162,5,Identify,2023-01-23,41,185.75,10
2163,7,Window,2023-01-06,42,202.27,8
2164,3,His,2023-11-05,41,213.16,21
2165,5,Floor,2023-06-30,21,283.29,27
2166,1,Identify,2023-11-20,11,164.44,5
2167,1,News,2023-12-11,25,80.9,19
2168,4,Hear,2023-05-26,35,406.46,9
2169,6,Window,2023-06-21,36,471.13,2
2170,4,Hear,2023-08-17,44,206.64,23
2171,8,Hear,2023-10-20,29,276.69,23
2172,6,Floor,2023-04-04,6,180.77,16
2173,3,Floor,2023-07-31,49,134.48,14
2174,9,His,2023-11-30,37,74.33,2
2175,3,Identify,2023-09-24,32,361.13,8
2176,8,Floor,2023-08-01,12,257.64,10
2177,5,Result,2023-09-07,1,170.78,9
2178,6,Result,2023-04-16,21,305.3,6
2179,5,News,2023-08-07,20,183.7,7
2180,9,Its,2023-03-11,37,207.44,11
2181,5,Result,2023-02-25,23,265.07,12
2182,3,His,2023-10-25,48,397.53,10
2183,8,Fish,2023-09-14,12,205.41,25
2184,5,News,2023-04-10,12,274.73,25
2185,6,Fish,2023-02-03,2,98.36,26
2186,7,Result,2023-10-25,2,25.86,15
2187,3,His,2023-05-11,46,193.35,17
2188,6,Floor,2023-06-29,50,335.92,14
2189,8,News,2023-03-26,14,448.35,27
2190,6,News,2023-05-19,45,138.49,23
2191,4,Fish,2023-03-07,8,87.75,28
2192,7,Result,2023-04-29,3,431.4,18
2193,2,Hear,2023-03-29,37,71.36,19
2194,8,Identify,2023-09-18,1,310.04,8
2195,10,Important,2023-10-21,5,128.06,15
2196,2,Window,2023-08-08,11,208.29,24
2197,5,Fish,2023-05-19,4,88.27,1
2198,7,His,2023-08-02,16,437.15,14
2199,9,Important,2023-11-05,3,348.73,23
2200,10,Fish,2023-09-05,6,325.4,4
2201,10,Important,2023-09-16,32,354.67,3
2202,7,Hear,2023-01-30,32,499.55,9
2203,3,News,2023-03-07,8,449.98,10
2204,6,Result,2023-09-04,25,168.27,28
2205,9,Important,2023-08-20,13,351.48,1
2206,8,Floor,2023-03-15,24,148.54,18
2207,8,His,2023-05-10,38,292.6,19
2208,10,Important,2023-03-21,36,26.29,4
2209,1,Its,2023-10-06,37,102.47,23
2210,7,Identify,2023-06-10,49,159.82,23
2211,1,Result,2023-12-16,18,131.83,14
2212,1,Window,2023-02-02,30,253.37,2
2213,10,Result,2023-07-21,32,255.9,9
2214,1,News,2023-02-23,30,406.72,18
2215,5,Important,2023-02-11,3,343.26,20
2216,10,Important,2023-05-11,21,431.2,4
2217,7,His,2023-11-28,17,379.76,6
2218,9,His,2023-08-07,31,461.9,17
2219,4,Hear,2023-10-07,9,403.16,12
2220,7,Floor,2023-05-16,12,258.06,15
2221,2,Important,2023-10-24,23,231.23,21
2222,2,Hear,2023-11-25,42,25.8,30
2223,1,News,2023-04-22,37,27.89,23
2224,7,His,2023-12-26,24,4.54,22
2225,5,Window,2023-04-19,6,423.82,18
2226,1,His,2023-07-20,11,223.29,13
2227,6,Fish,2023-05-01,30,396.36,9
2228,4,News,2023-11-30,4,151.45,21
2229,1,His,2023-10-03,24,120.64,24
2230,6,Its,2023-09-18,28,176.82,14
2231,8,His,2023-03-02,4,272.6,9
2232,2,Important,2023-03-13,43,90.4,24
2233,10,News,2023-04-07,30,350.17,30
2234,2,Result,2023-04-17,17,149.99,18
2235,7,Floor,2023-06-15,11,258.41,8
2236,8,Identify,2023-09-26,4,476.84,15
2237,2,Result,2023-09-13,22,34.79,30
2238,2,Identify,2023-04-29,25,394.25,21
2239,3,Floor,2023-08-13,33,279.28,17
2240,3,Result,2023-01-06,9,462.59,2
2241,4,Important,2023-05-10,16,4.63,1
2242,5,News,2023-08-05,16,386.44,22
2243,7,Important,2023-02-20,49,312.63,14
2244,10,Window,2023-07-13,45,67.75,12
2245,9,Hear,2023-12-26,44,128.62,16
2246,5,Hear,2023-11-01,7,137.95,7
2247,2,Fish,2023-08-22,17,138.4,26
2248,10,Identify,2023-10-24,24,309.63,3
2249,4,Important,2023-06-13,8,111.59,5
2250,1,His,2023-04-26,39,124.42,18
2251,9,Window,2023-11-22,22,135.89,14
2252,6,News,2023-11-27,48,476.89,5
2253,7,News,2023-12-25,43,429.87,10
2254,2,Its,2023-06-19,14,52.6,7
2255,2,Window,2023-12-04,39,192.53,18
2256,10,News,2023-11-13,32,37.28,15
2257,2,Result,2023-03-06,21,105.25,1
2258,4,Window,2023-10-03,27,15.34,24
2259,1,Floor,2023-10-31,27,28.13,6
2260,8,Result,2023-01-17,12,96.45,19
2261,6,Important,2023-04-29,14,213.24,27
2262,4,Floor,2023-04-07,30,52.89,19
2263,1,Fish,2023-08-04,9,70.25,17
2264,9,Fish,2023-04-20,17,415.89,25
2265,10,News,2023-05-29,42,345.44,24
2266,10,Fish,2023-11-24,8,348.28,30
2267,4,News,2023-02-07,29,102.44,20
2268,7,His,2023-12-18,31,437.27,2
2269,9,Hear,2023-03-07,37,483.82,17
2270,10,Result,2023-11-03,24,138.9,7
2271,3,News,2023-12-27,14,55.41,9
2272,7,Important,2023-05-07,14,151.79,30
2273,7,Identify,2023-10-28,24,109.26,1
2274,7,Fish,2023-09-14,4,107.63,22
2275,8,News,2023-11-28,25,62.98,19
2276,10,Floor,2023-04-22,45,280.89,3
2277,5,His,2023-01-25,49,480.17,14
2278,7,Result,2023-11-23,41,442.34,7
2279,5,Window,2023-12-25,31,9.91,12
2280,10,His,2023-01-28,34,398.05,9
2281,1,Its,2023-06-25,37,62.79,17
2282,10,Identify,2023-05-25,32,144.85,26
2283,3,News,2023-10-07,13,472.25,6
2284,5,Floor,2023-09-12,31,127.92,14
2285,8,Identify,2023-03-31,43,145.68,15
2286,3,Its,2023-08-14,48,201.34,5
2287,8,Hear,2023-05-04,28,152.38,22
2288,3,News,2023-10-04,23,477.21,7
2289,5,His,2023-04-15,7,53.48,16
2290,3,Important,2023-02-11,43,356.95,17
2291,10,News,2023-10-30,27,311.56,27
2292,3,Important,2023-09-09,14,479.52,22
2293,9,Identify,2023-03-02,1,476.38,11
2294,8,Window,2023-08-20,22,450.35,23
2295,9,His,2023-05-17,28,476.07,24
2296,5,Window,2023-05-16,22,252.01,29
2297,1,Hear,2023-04-21,31,194.01,22
2298,7,Fish,2023-10-19,28,139.82,29
2299,3,His,2023-10-18,46,195.99,23
2300,9,Hear,2023-10-11,10,22.78,4
2301,8,Window,2023-06-05,23,308.95,8
2302,2,Fish,2023-05-11,11,470.09,26
2303,7,His,2023-03-29,13,89.64,19
2304,3,Identify,2023-06-13,34,54.8,11
2305,2,Fish,2023-04-14,16,64.83,29
2306,10,News,2023-03-24,11,291.21,28
2307,7,Floor,2023-09-08,16,180.68,26
2308,2,Floor,2023-01-26,48,304.46,16
2309,1,Hear,2023-08-06,27,209.54,12
2310,8,Fish,2023-11-16,11,149.84,16
2311,3,Result,2023-02-01,32,147.72,8
2312,3,Hear,2023-11-10,21,474.34,15
2313,6,His,2023-10-04,28,286.44,10
2314,7,Window,2023-03-26,9,371.75,8
2315,6,Important,2023-08-23,10,308.86,4
2316,8,His,2023-08-29,9,236.97,4
2317,3,Result,2023-12-10,42,18.9,20
2318,2,Result,2023-04-19,10,485.48,15
2319,9,Identify,2023-08-27,16,248.81,19
2320,1,Window,2023-08-22,37,374.61,2
2321,2,Result,2023-01-04,39,47.49,5
2322,10,Window,2023-05-20,34,256.49,19
2323,3,Result,2023-12-25,37,73.36,25
2324,10,Identify,2023-08-08,36,475.91,28
2325,4,Its,2023-11-23,42,71.41,24
2326,9,Floor,2023-08-13,33,33.7,16
2327,3,Result,2023-05-07,31,401.31,10
2328,2,Its,2023-07-27,33,148.96,19
2329,7,Floor,2023-09-08,39,207.28,11
2330,10,Window,2023-11-25,42,199.35,29
2331,5,Floor,2023-08-01,25,292.15,14
2332,6,News,2023-11-10,1,373.92,5
2333,6,His,2023-06-26,5,201.25,28
2334,9,His,2023-04-21,10,98.02,3
2335,8,Its,2023-11-11,13,387.02,17
2336,3,Hear,2023-04-25,23,243.46,27
2337,9,Result,2023-12-12,27,63.96,20
2338,3,Window,2023-05-31,47,337.78,20
2339,5,Its,2023-05-14,33,384.29,29
2340,6,Hear,2023-08-24,35,160.37,27
2341,9,Result,2023-03-22,28,157.1,27
2342,5,Its,2023-01-20,41,155.64,30
2343,4,His,2023-06-09,11,130.34,21
2344,1,His,2023-04-03,24,374.13,12
2345,4,Important,2023-06-29,48,346.18,17
2346,8,Hear,2023-06-12,20,394.0,18
2347,5,Result,2023-12-21,25,126.75,1
2348,8,News,2023-02-06,24,117.77,25
2349,9,Identify,2023-04-19,48,431.67,20
2350,6,News,2023-09-04,34,144.78,5
2351,3,Its,2023-03-13,19,2.41,11
2352,4,Its,2023-01-02,1,34.63,25
2353,1,His,2023-05-12,25,110.63,23
2354,2,Important,2023-10-09,7,478.24,19
2355,10,Window,2023-01-23,20,422.35,28
2356,5,Important,2023-10-22,43,390.12,3
2357,10,Fish,2023-05-10,6,240.16,24
2358,9,Hear,2023-06-14,15,295.53,26
2359,7,Floor,2023-05-23,44,109.05,21
2360,5,Floor,2023-03-04,33,317.94,18
2361,8,News,2023-11-15,15,10.68,13
2362,10,Result,2023-11-02,35,131.81,8
2363,8,His,2023-09-01,50,246.09,15
2364,8,Identify,2023-12-31,3,441.83,23
2365,5,Floor,2023-12-29,9,40.52,25
2366,1,Fish,2023-02-01,33,354.68,11
2367,7,Hear,2023-09-28,47,241.39,9
2368,6,News,2023-06-04,34,98.85,6
2369,6,Fish,2023-05-24,32,490.24,17
2370,2,Hear,2023-11-23,30,392.89,5
2371,5,News,2023-08-02,25,430.75,22
2372,5,Hear,2023-01-27,5,343.82,7
2373,1,His,2023-04-28,45,15.74,19
2374,9,Hear,2023-08-18,30,334.89,1
2375,8,Identify,2023-11-15,42,448.12,8
2376,7,Window,2023-06-02,26,214.58,4
2377,8,Important,2023-12-28,33,197.85,30
2378,9,Its,2023-04-10,34,133.24,3
2379,7,Window,2023-12-01,14,499.24,7
2380,1,His,2023-10-02,12,15.21,2
2381,3,His,2023-12-04,7,349.48,15
2382,4,His,2023-05-10,33,382.75,2
2383,9,Hear,2023-10-15,18,10.96,13
2384,4,Hear,2023-09-06,7,340.42,11
2385,5,Important,2023-04-27,3,448.83,25
2386,2,Window,2023-06-24,28,391.87,9
2387,5,His,2023-04-25,18,115.29,26
2388,9,Identify,2023-09-03,26,465.75,6
2389,10,Fish,2023-01-14,21,122.5,1
2390,1,Window,2023-08-08,48,409.41,14
2391,2,Fish,2023-03-03,5,222.92,29
2392,9,Identify,2023-06-06,19,283.86,10
2393,5,Identify,2023-09-01,10,195.87,1
2394,5,News,2023-10-07,33,366.07,7
2395,3,News,2023-08-26,45,259.88,25
2396,10,Important,2023-03-23,19,189.39,25
2397,4,Floor,2023-06-08,22,313.64,29
2398,4,Identify,2023-04-08,4,354.16,21
2399,3,Window,2023-01-22,35,260.27,14
2400,4,Identify,2023-12-26,13,379.67,26
2401,3,Window,2023-05-31,34,40.17,28
2402,9,Hear,2023-01-16,29,229.78,9
2403,5,Important,2023-08-07,14,193.5,25
2404,5,Window,2023-03-27,24,477.85,5
2405,6,Identify,2023-04-26,7,290.69,2
2406,1,His,2023-08-25,10,408.42,9
2407,3,Its,2023-06-26,14,129.04,15
2408,8,News,2023-07-28,24,323.41,4
2409,4,His,2023-09-20,32,336.39,4
2410,4,Fish,2023-05-26,47,65.32,24
2411,1,Floor,2023-09-05,48,440.74,29
2412,5,Result,2023-06-14,27,47.69,23
2413,3,Its,2023-08-29,15,294.68,16
2414,6,Floor,2023-03-24,34,268.09,19
2415,8,Floor,2023-10-04,34,36.58,7
2416,2,Fish,2023-05-01,8,79.98,19
2417,7,Fish,2023-11-14,50,393.91,30
2418,5,Its,2023-07-03,17,324.37,23
2419,5,Identify,2023-03-22,32,32.02,20
2420,2,Result,2023-05-03,16,68.77,19
2421,6,Fish,2023-11-13,14,415.44,18
2422,4,Its,2023-01-20,24,39.49,8
2423,10,Important,2023-11-17,8,337.39,19
2424,7,Hear,2023-07-22,19,70.7,29
2425,10,Fish,2023-10-17,42,159.4,30
2426,2,His,2023-12-07,16,346.2,22
2427,1,His,2023-10-04,2,266.85,1
2428,2,His,2023-11-26,6,365.67,20
2429,6,Important,2023-11-27,47,240.45,20
2430,4,Hear,2023-08-18,24,166.7,11
2431,7,News,2023-10-07,11,164.69,16
2432,2,Fish,2023-08-05,13,155.31,9
2433,9,Identify,2023-09-07,15,444.73,10
2434,6,Fish,2023-08-04,11,229.27,5
2435,9,His,2023-11-25,41,62.51,12
2436,5,Identify,2023-05-31,43,81.4,2
2437,9,Fish,2023-07-08,30,303.94,26
2438,9,Important,2023-01-29,18,196.15,11
2439,2,Important,2023-05-23,22,239.86,17
2440,1,News,2023-04-10,6,377.02,10
2441,4,Identify,2023-03-26,38,486.67,21
2442,7,His,2023-10-07,49,355.59,22
2443,10,Important,2023-03-01,29,218.79,7
2444,6,Important,2023-06-01,25,472.85,10
2445,3,Window,2023-10-05,5,108.8,4
2446,1,Fish,2023-03-30,36,273.22,10
2447,10,News,2023-05-31,17,459.88,10
2448,9,Hear,2023-01-02,42,71.59,14
2449,2,Hear,2023-08-19,4,314.04,12
2450,7,Floor,2023-01-11,11,417.67,14
2451,3,Important,2023-08-04,49,468.08,4
2452,9,News,2023-02-05,36,252.06,20
2453,7,Floor,2023-11-17,43,309.33,29
2454,1,Hear,2023-05-22,35,398.87,7
2455,10,His,2023-09-06,34,241.0,25
2456,5,Fish,2023-04-26,14,257.79,5
2457,7,Hear,2023-11-27,20,441.63,29
2458,1,News,2023-03-25,32,277.35,25
2459,1,Floor,2023-08-26,11,30.24,8
2460,4,Fish,2023-04-06,20,468.07,5
2461,6,News,2023-05-19,40,453.05,9
2462,5,Result,2023-04-02,32,413.41,30
2463,10,His,2023-04-14,22,114.54,22
2464,4,Floor,2023-04-16,11,245.75,12
2465,5,Window,2023-11-10,15,213.23,25
2466,5,Its,2023-05-23,50,315.58,23
2467,10,News,2023-05-22,2,42.58,30
2468,6,Floor,2023-03-05,8,45.92,17
2469,2,Identify,2023-07-19,14,337.05,20
2470,6,Result,2023-01-08,13,474.64,6
2471,5,Fish,2023-11-08,9,74.22,25
2472,2,Its,2023-05-11,19,377.74,18
2473,1,Result,2023-06-19,16,405.23,2
2474,1,Its,2023-07-04,8,399.77,10
2475,9,Important,2023-11-03,41,134.49,11
2476,5,Its,2023-09-18,2,432.49,5
2477,3,News,2023-06-30,33,293.74,6
2478,1,News,2023-06-05,42,279.23,16
2479,9,Floor,2023-04-23,30,264.66,29
2480,10,Identify,2023-07-04,5,474.61,15
2481,3,Window,2023-09-09,41,348.23,10
2482,5,Window,2023-12-01,20,171.74,16
2483,4,Window,2023-11-01,25,147.2,30
2484,8,Floor,2023-06-25,50,210.9,25
2485,3,Floor,2023-08-28,38,361.95,6
2486,5,Its,2023-06-20,25,198.19,18
2487,7,Hear,2023-01-06,15,93.88,19
2488,10,Identify,2023-04-18,16,498.36,30
2489,9,News,2023-02-02,30,81.65,30
2490,9,His,2023-12-09,42,366.32,2
2491,10,Important,2023-10-09,37,200.64,16
2492,5,Identify,2023-12-04,18,16.94,28
2493,10,Identify,2023-09-02,20,350.18,2
2494,6,Its,2023-03-09,37,158.38,10
2495,5,Hear,2023-05-23,38,133.53,2
2496,3,Fish,2023-11-23,47,480.48,18
2497,2,Identify,2023-12-27,16,178.77,15
2498,2,Fish,2023-05-12,39,257.25,9
2499,9,His,2023-05-30,28,31.13,11
2500,8,Important,2023-11-07,5,409.95,16
